ID,age,value
1.1.0,Alsó tagozat,160.0
1.1.0,Felső tagozat,163.0
1.1.0,Óvoda,148.0
1.1.1,Alsó tagozat,4.0
1.1.2,Alsó tagozat,13.0
1.1.2,Óvoda,17.0
1.1.3,Alsó tagozat,4.0
1.1.3,Óvoda,12.0
1.1.4,Alsó tagozat,45.0
1.1.4,Felső tagozat,48.0
1.1.4,Óvoda,37.0
1.1.5,Alsó tagozat,64.0
1.1.5,Felső tagozat,59.0
1.1.5,Óvoda,70.0
1.1.6,Alsó tagozat,15.0
1.1.6,Felső tagozat,0.0
1.1.6,Óvoda,17.0
1.1.7,Alsó tagozat,22.0
1.1.7,Felső tagozat,21.0
1.1.7,Óvoda,22.0
1.1.8,Alsó tagozat,4.0
1.1.8,Felső tagozat,0.0
1.1.8,Óvoda,9.0
1.1.9,Alsó tagozat,0.0
1.1.9,Óvoda,0.0
1.1.10,Óvoda,13.0
1.1.11,Alsó tagozat,27.0
1.1.11,Felső tagozat,52.0
1.1.11,Óvoda,41.0
1.1.12,Alsó tagozat,0.0
1.1.12,Óvoda,10.0
1.1.13,Alsó tagozat,58.0
1.1.13,Felső tagozat,59.0
1.1.13,Óvoda,83.0
1.1.14,Alsó tagozat,32.0
1.1.14,Felső tagozat,43.0
1.1.14,Óvoda,24.0
1.1.15,Alsó tagozat,38.0
1.1.15,Óvoda,30.0
1.1.16,Alsó tagozat,7.0
1.1.16,Óvoda,13.0
1.1.17,Óvoda,0.0
1.1.18,Alsó tagozat,14.0
1.1.18,Óvoda,14.0
1.1.19,Alsó tagozat,8.0
1.1.19,Óvoda,17.0
1.1.20,Alsó tagozat,9.0
1.1.20,Óvoda,14.0
1.1.21,Alsó tagozat,19.0
1.1.21,Felső tagozat,23.0
1.1.21,Óvoda,31.0
1.1.22,Alsó tagozat,47.0
1.1.22,Felső tagozat,51.0
1.1.22,Óvoda,33.0
1.2.0,Alsó tagozat,0.0
1.2.0,Óvoda,0.0
1.2.1,Alsó tagozat,10.0
1.2.1,Óvoda,0.0
1.2.2,Alsó tagozat,63.0
1.2.2,Felső tagozat,89.0
1.2.2,Óvoda,87.0
1.2.3,Alsó tagozat,31.0
1.2.3,Felső tagozat,47.0
1.2.3,Óvoda,38.0
1.2.4,Alsó tagozat,12.0
1.2.4,Óvoda,13.0
1.2.5,Alsó tagozat,9.0
1.2.5,Felső tagozat,0.0
1.2.5,Óvoda,16.0
1.2.6,Alsó tagozat,0.0
1.2.7,Alsó tagozat,0.0
1.2.7,Óvoda,0.0
1.2.8,Alsó tagozat,7.0
1.2.8,Óvoda,10.0
1.2.9,Alsó tagozat,54.0
1.2.9,Felső tagozat,56.0
1.2.9,Óvoda,44.0
1.2.10,Alsó tagozat,10.0
1.2.10,Felső tagozat,9.0
1.2.10,Óvoda,0.0
1.2.11,Alsó tagozat,0.0
1.2.11,Óvoda,0.0
1.2.12,Alsó tagozat,0.0
1.2.12,Óvoda,0.0
1.2.13,Alsó tagozat,0.0
1.2.13,Felső tagozat,0.0
1.2.13,Óvoda,0.0
1.2.14,Óvoda,0.0
1.2.15,Alsó tagozat,38.0
1.2.15,Felső tagozat,16.0
1.2.15,Óvoda,26.0
1.2.16,Alsó tagozat,0.0
1.2.16,Óvoda,0.0
1.2.17,Alsó tagozat,0.0
1.2.17,Óvoda,0.0
1.2.18,Alsó tagozat,0.0
1.2.18,Felső tagozat,0.0
1.2.18,Óvoda,0.0
1.2.19,Alsó tagozat,23.0
1.2.19,Felső tagozat,22.0
1.2.19,Óvoda,10.0
1.2.20,Alsó tagozat,0.0
1.2.20,Óvoda,16.0
1.2.21,Alsó tagozat,0.0
1.2.21,Felső tagozat,0.0
1.2.21,Óvoda,0.0
1.2.22,Alsó tagozat,0.0
1.2.22,Óvoda,0.0
1.2.23,Alsó tagozat,0.0
1.2.23,Óvoda,14.0
1.3.0,Alsó tagozat,36.0
1.3.0,Felső tagozat,49.0
1.3.0,Óvoda,28.0
1.3.1,Alsó tagozat,24.0
1.3.1,Óvoda,16.0
1.3.2,Alsó tagozat,37.0
1.3.2,Óvoda,23.0
1.3.3,Alsó tagozat,24.0
1.3.3,Óvoda,17.0
1.3.4,Alsó tagozat,6.0
1.3.5,Alsó tagozat,67.0
1.3.5,Felső tagozat,70.0
1.3.5,Óvoda,49.0
1.3.6,Alsó tagozat,82.0
1.3.6,Felső tagozat,72.0
1.3.6,Óvoda,66.0
1.3.7,Alsó tagozat,264.0
1.3.7,Felső tagozat,231.0
1.3.7,Óvoda,147.0
1.3.8,Alsó tagozat,73.0
1.3.8,Felső tagozat,48.0
1.3.8,Óvoda,39.0
1.3.9,Alsó tagozat,43.0
1.3.9,Felső tagozat,36.0
1.3.9,Óvoda,40.0
1.3.10,Alsó tagozat,13.0
1.3.10,Óvoda,10.0
1.3.11,Alsó tagozat,64.0
1.3.11,Felső tagozat,49.0
1.3.11,Óvoda,32.0
1.3.12,Alsó tagozat,36.0
1.3.12,Felső tagozat,44.0
1.3.12,Óvoda,19.0
1.3.13,Alsó tagozat,0.0
1.3.13,Óvoda,10.0
1.3.14,Alsó tagozat,57.0
1.3.14,Felső tagozat,0.0
1.3.14,Óvoda,37.0
1.3.15,Alsó tagozat,0.0
1.3.15,Óvoda,0.0
1.3.16,Alsó tagozat,0.0
1.3.17,Alsó tagozat,9.0
1.3.18,Alsó tagozat,0.0
1.3.18,Óvoda,8.0
1.3.19,Alsó tagozat,38.0
1.3.19,Felső tagozat,36.0
1.3.19,Óvoda,33.0
1.3.20,Alsó tagozat,52.0
1.3.20,Felső tagozat,51.0
1.3.20,Óvoda,20.0
1.3.21,Alsó tagozat,20.0
1.3.21,Óvoda,16.0
1.3.22,Alsó tagozat,10.0
1.3.22,Óvoda,15.0
1.3.23,Alsó tagozat,15.0
1.3.23,Óvoda,16.0
1.3.24,Alsó tagozat,74.0
1.3.24,Felső tagozat,48.0
1.3.24,Óvoda,47.0
1.3.25,Alsó tagozat,10.0
1.3.25,Óvoda,13.0
1.3.26,Alsó tagozat,6.0
1.3.26,Óvoda,9.0
1.3.27,Alsó tagozat,11.0
1.3.27,Óvoda,16.0
1.3.28,Alsó tagozat,39.0
1.3.28,Felső tagozat,67.0
1.3.28,Óvoda,15.0
1.3.29,Alsó tagozat,5.0
1.3.30,Alsó tagozat,0.0
1.3.30,Óvoda,16.0
1.3.31,Alsó tagozat,39.0
1.3.31,Felső tagozat,60.0
1.3.31,Óvoda,28.0
1.3.32,Alsó tagozat,0.0
1.3.33,Alsó tagozat,10.0
1.3.34,Alsó tagozat,36.0
1.3.34,Felső tagozat,51.0
1.3.34,Óvoda,26.0
1.3.35,Alsó tagozat,0.0
1.3.35,Felső tagozat,0.0
1.3.35,Óvoda,39.0
1.3.36,Alsó tagozat,7.0
1.3.36,Óvoda,7.0
1.3.37,Alsó tagozat,0.0
1.3.37,Felső tagozat,0.0
1.3.37,Óvoda,109.0
1.3.38,Alsó tagozat,9.0
1.3.38,Óvoda,0.0
1.3.39,Alsó tagozat,15.0
1.3.39,Felső tagozat,21.0
1.3.39,Óvoda,14.0
1.3.40,Alsó tagozat,6.0
1.3.40,Óvoda,17.0
1.3.41,Alsó tagozat,43.0
1.3.41,Felső tagozat,52.0
1.3.41,Óvoda,30.0
1.3.42,Alsó tagozat,46.0
1.3.42,Felső tagozat,47.0
1.3.42,Óvoda,29.0
1.3.43,Alsó tagozat,268.0
1.3.43,Felső tagozat,358.0
1.3.43,Óvoda,210.0
1.3.44,Óvoda,12.0
1.3.45,Alsó tagozat,1214.0
1.3.45,Felső tagozat,1243.0
1.3.45,Óvoda,841.0
1.3.46,Alsó tagozat,23.0
1.3.46,Felső tagozat,14.0
1.3.46,Óvoda,18.0
1.3.47,Alsó tagozat,71.0
1.3.47,Felső tagozat,63.0
1.3.47,Óvoda,39.0
1.3.48,Óvoda,22.0
1.3.49,Alsó tagozat,11.0
1.3.49,Óvoda,18.0
1.3.50,Óvoda,0.0
1.3.51,Alsó tagozat,13.0
1.3.51,Felső tagozat,16.0
1.3.51,Óvoda,14.0
1.3.52,Alsó tagozat,0.0
1.3.52,Óvoda,13.0
1.3.53,Alsó tagozat,83.0
1.3.53,Felső tagozat,101.0
1.3.53,Óvoda,69.0
1.3.54,Alsó tagozat,76.0
1.3.54,Felső tagozat,109.0
1.3.54,Óvoda,60.0
1.3.55,Alsó tagozat,64.0
1.3.55,Felső tagozat,55.0
1.3.55,Óvoda,40.0
1.3.56,Alsó tagozat,317.0
1.3.56,Felső tagozat,275.0
1.3.56,Óvoda,153.0
1.3.57,Alsó tagozat,0.0
1.3.57,Felső tagozat,25.0
1.3.57,Óvoda,11.0
1.3.58,Alsó tagozat,38.0
1.3.58,Felső tagozat,33.0
1.3.58,Óvoda,21.0
1.3.59,Alsó tagozat,25.0
1.3.59,Felső tagozat,10.0
1.3.59,Óvoda,7.0
1.3.60,Alsó tagozat,19.0
1.3.60,Felső tagozat,25.0
1.3.60,Óvoda,25.0
1.3.61,Alsó tagozat,25.0
1.3.61,Felső tagozat,24.0
1.3.61,Óvoda,10.0
1.3.62,Alsó tagozat,29.0
1.3.62,Felső tagozat,35.0
1.3.62,Óvoda,23.0
1.3.63,Alsó tagozat,47.0
1.3.63,Felső tagozat,35.0
1.3.63,Óvoda,32.0
1.3.64,Alsó tagozat,61.0
1.3.64,Felső tagozat,55.0
1.3.64,Óvoda,29.0
1.3.65,Alsó tagozat,52.0
1.3.65,Felső tagozat,35.0
1.3.65,Óvoda,39.0
1.3.66,Alsó tagozat,144.0
1.3.66,Felső tagozat,148.0
1.3.66,Óvoda,77.0
1.3.67,Alsó tagozat,278.0
1.3.67,Felső tagozat,350.0
1.3.67,Óvoda,223.0
1.3.68,Alsó tagozat,20.0
1.3.68,Óvoda,16.0
1.3.69,Alsó tagozat,47.0
1.3.69,Óvoda,33.0
1.3.70,Alsó tagozat,85.0
1.3.70,Felső tagozat,106.0
1.3.70,Óvoda,77.0
1.3.71,Alsó tagozat,50.0
1.3.71,Felső tagozat,55.0
1.3.71,Óvoda,21.0
1.3.72,Alsó tagozat,31.0
1.3.72,Felső tagozat,31.0
1.3.72,Óvoda,19.0
1.3.73,Alsó tagozat,35.0
1.3.73,Felső tagozat,35.0
1.3.73,Óvoda,27.0
1.4.0,Alsó tagozat,78.0
1.4.0,Felső tagozat,55.0
1.4.0,Óvoda,62.0
1.4.1,Alsó tagozat,33.0
1.4.1,Felső tagozat,28.0
1.4.1,Óvoda,27.0
1.4.2,Alsó tagozat,25.0
1.4.2,Felső tagozat,26.0
1.4.2,Óvoda,14.0
1.4.3,Alsó tagozat,0.0
1.4.3,Óvoda,16.0
1.4.4,Alsó tagozat,280.0
1.4.4,Felső tagozat,270.0
1.4.4,Óvoda,272.0
1.4.5,Alsó tagozat,9.0
1.4.5,Óvoda,13.0
1.4.6,Óvoda,13.0
1.4.7,Alsó tagozat,0.0
1.4.8,Alsó tagozat,21.0
1.4.8,Felső tagozat,30.0
1.4.8,Óvoda,16.0
1.4.9,Óvoda,0.0
1.4.10,Alsó tagozat,7.0
1.4.11,Alsó tagozat,31.0
1.4.11,Felső tagozat,21.0
1.4.11,Óvoda,18.0
1.4.12,Alsó tagozat,5.0
1.4.12,Óvoda,8.0
1.4.13,Alsó tagozat,0.0
1.4.14,Alsó tagozat,30.0
1.4.14,Felső tagozat,58.0
1.4.14,Óvoda,14.0
1.4.15,Alsó tagozat,12.0
1.4.15,Óvoda,17.0
1.4.16,Alsó tagozat,128.0
1.4.16,Felső tagozat,128.0
1.4.16,Óvoda,126.0
1.4.17,Alsó tagozat,18.0
1.4.17,Felső tagozat,27.0
1.4.17,Óvoda,10.0
1.4.18,Óvoda,19.0
1.4.19,Alsó tagozat,23.0
1.4.19,Óvoda,13.0
1.4.20,Alsó tagozat,30.0
1.4.20,Felső tagozat,24.0
1.4.20,Óvoda,34.0
1.4.21,Óvoda,22.0
1.4.22,Alsó tagozat,5.0
1.4.23,Alsó tagozat,15.0
1.4.23,Felső tagozat,16.0
1.4.23,Óvoda,15.0
1.5.0,Alsó tagozat,57.0
1.5.0,Felső tagozat,48.0
1.5.0,Óvoda,56.0
1.6.0,Alsó tagozat,66.0
1.6.0,Felső tagozat,65.0
1.6.0,Óvoda,42.0
1.6.1,Alsó tagozat,24.0
1.6.1,Felső tagozat,23.0
1.6.1,Óvoda,20.0
1.7.0,Felső tagozat,6.0
1.7.0,Óvoda,13.0
1.7.1,Alsó tagozat,23.0
1.7.1,Felső tagozat,23.0
1.7.1,Óvoda,19.0
1.7.2,Alsó tagozat,5.0
1.7.2,Óvoda,9.0
1.7.3,Alsó tagozat,0.0
1.7.3,Óvoda,13.0
1.7.4,Alsó tagozat,4.0
1.7.4,Óvoda,6.0
1.7.5,Alsó tagozat,22.0
1.7.5,Felső tagozat,31.0
1.7.5,Óvoda,17.0
1.7.6,Alsó tagozat,3.0
1.7.6,Óvoda,8.0
1.7.7,Alsó tagozat,0.0
1.7.8,Alsó tagozat,11.0
1.7.8,Óvoda,4.0
1.7.9,Óvoda,0.0
1.7.10,Alsó tagozat,31.0
1.7.10,Felső tagozat,49.0
1.7.10,Óvoda,26.0
1.7.11,Alsó tagozat,13.0
1.7.11,Óvoda,10.0
1.7.12,Alsó tagozat,0.0
1.7.13,Óvoda,0.0
1.7.14,Alsó tagozat,0.0
1.7.15,Alsó tagozat,11.0
1.7.15,Felső tagozat,0.0
1.7.15,Óvoda,13.0
1.7.16,Alsó tagozat,6.0
1.7.16,Óvoda,8.0
1.7.17,Alsó tagozat,89.0
1.7.17,Felső tagozat,86.0
1.7.17,Óvoda,68.0
1.7.18,Alsó tagozat,2.0
1.7.18,Óvoda,3.0
1.7.19,Alsó tagozat,15.0
1.7.19,Felső tagozat,22.0
1.7.19,Óvoda,12.0
1.7.20,Alsó tagozat,11.0
1.7.20,Felső tagozat,35.0
1.7.20,Óvoda,6.0
1.7.21,Alsó tagozat,11.0
1.7.21,Óvoda,7.0
1.7.22,Alsó tagozat,3.0
1.7.22,Óvoda,6.0
1.8.0,Alsó tagozat,27.0
1.8.0,Óvoda,16.0
1.8.1,Alsó tagozat,28.0
1.8.1,Felső tagozat,39.0
1.8.1,Óvoda,33.0
1.8.2,Alsó tagozat,17.0
1.8.2,Óvoda,17.0
1.8.3,Alsó tagozat,14.0
1.8.3,Óvoda,15.0
1.8.4,Alsó tagozat,62.0
1.8.4,Felső tagozat,54.0
1.8.4,Óvoda,44.0
1.8.5,Alsó tagozat,64.0
1.8.5,Óvoda,36.0
1.8.6,Alsó tagozat,8.0
1.8.6,Óvoda,9.0
1.8.7,Alsó tagozat,33.0
1.8.7,Felső tagozat,31.0
1.8.7,Óvoda,21.0
1.8.8,Alsó tagozat,0.0
1.8.8,Óvoda,0.0
1.8.9,Alsó tagozat,19.0
1.8.9,Óvoda,27.0
1.8.10,Alsó tagozat,8.0
1.8.10,Óvoda,12.0
1.8.11,Alsó tagozat,13.0
1.8.11,Óvoda,9.0
1.8.12,Alsó tagozat,27.0
1.8.12,Óvoda,18.0
1.8.13,Alsó tagozat,64.0
1.8.13,Felső tagozat,56.0
1.8.13,Óvoda,36.0
1.8.14,Alsó tagozat,15.0
1.8.14,Óvoda,22.0
1.8.15,Alsó tagozat,0.0
1.8.16,Alsó tagozat,6.0
1.8.16,Óvoda,7.0
1.8.17,Alsó tagozat,12.0
1.8.17,Óvoda,15.0
1.8.18,Alsó tagozat,50.0
1.8.18,Felső tagozat,51.0
1.8.18,Óvoda,40.0
1.8.19,Alsó tagozat,48.0
1.8.19,Óvoda,33.0
1.8.20,Alsó tagozat,55.0
1.8.20,Óvoda,29.0
1.8.21,Alsó tagozat,25.0
1.8.21,Óvoda,18.0
1.8.22,Alsó tagozat,22.0
1.8.22,Óvoda,18.0
1.8.23,Alsó tagozat,82.0
1.8.23,Felső tagozat,83.0
1.8.23,Óvoda,53.0
1.8.24,Óvoda,33.0
1.8.25,Alsó tagozat,100.0
1.8.25,Felső tagozat,101.0
1.8.25,Óvoda,90.0
1.8.26,Alsó tagozat,0.0
1.8.26,Óvoda,20.0
1.8.27,Alsó tagozat,40.0
1.8.27,Óvoda,27.0
1.8.28,Alsó tagozat,60.0
1.8.28,Felső tagozat,69.0
1.8.28,Óvoda,79.0
1.8.29,Alsó tagozat,38.0
1.8.29,Óvoda,39.0
1.8.30,Alsó tagozat,66.0
1.8.30,Felső tagozat,131.0
1.8.30,Óvoda,23.0
1.8.31,Alsó tagozat,93.0
1.8.31,Felső tagozat,47.0
1.8.31,Óvoda,57.0
1.8.32,Alsó tagozat,70.0
1.8.32,Felső tagozat,90.0
1.8.32,Óvoda,71.0
1.8.33,Alsó tagozat,38.0
1.8.33,Felső tagozat,53.0
1.8.33,Óvoda,25.0
1.8.34,Alsó tagozat,53.0
1.8.34,Felső tagozat,62.0
1.8.34,Óvoda,30.0
1.8.35,Alsó tagozat,0.0
1.8.35,Felső tagozat,57.0
1.8.35,Óvoda,16.0
1.8.36,Alsó tagozat,43.0
1.8.36,Felső tagozat,54.0
1.8.36,Óvoda,57.0
1.8.37,Alsó tagozat,211.0
1.8.37,Felső tagozat,239.0
1.8.37,Óvoda,160.0
1.8.38,Alsó tagozat,91.0
1.8.38,Felső tagozat,121.0
1.8.38,Óvoda,83.0
1.8.39,Alsó tagozat,84.0
1.8.39,Felső tagozat,90.0
1.8.39,Óvoda,73.0
1.8.40,Alsó tagozat,65.0
1.8.40,Felső tagozat,75.0
1.8.40,Óvoda,75.0
1.8.41,Óvoda,0.0
1.8.42,Alsó tagozat,63.0
1.8.42,Felső tagozat,94.0
1.8.42,Óvoda,60.0
1.8.43,Alsó tagozat,46.0
1.8.43,Felső tagozat,68.0
1.8.43,Óvoda,30.0
1.8.44,Alsó tagozat,112.0
1.8.44,Felső tagozat,124.0
1.8.44,Óvoda,48.0
1.8.45,Alsó tagozat,129.0
1.8.45,Felső tagozat,167.0
1.8.45,Óvoda,92.0
1.8.46,Alsó tagozat,97.0
1.8.46,Felső tagozat,78.0
1.8.46,Óvoda,77.0
1.8.47,Alsó tagozat,1415.0
1.8.47,Felső tagozat,1463.0
1.8.47,Óvoda,1259.0
1.8.48,Alsó tagozat,81.0
1.8.48,Felső tagozat,77.0
1.8.48,Óvoda,58.0
1.8.49,Óvoda,0.0
1.8.50,Alsó tagozat,0.0
1.8.50,Óvoda,0.0
1.8.51,Alsó tagozat,109.0
1.8.51,Felső tagozat,78.0
1.8.51,Óvoda,60.0
1.8.52,Alsó tagozat,6.0
1.8.52,Óvoda,15.0
1.8.53,Alsó tagozat,79.0
1.8.53,Felső tagozat,100.0
1.8.53,Óvoda,56.0
1.8.54,Alsó tagozat,8.0
1.8.54,Óvoda,9.0
1.8.55,Alsó tagozat,65.0
1.8.55,Felső tagozat,115.0
1.8.55,Óvoda,40.0
1.8.56,Alsó tagozat,73.0
1.8.56,Felső tagozat,57.0
1.8.56,Óvoda,45.0
1.8.57,Alsó tagozat,50.0
1.8.57,Felső tagozat,47.0
1.8.57,Óvoda,41.0
1.8.58,Alsó tagozat,8.0
1.8.58,Felső tagozat,10.0
1.8.58,Óvoda,8.0
1.8.59,Alsó tagozat,35.0
1.8.59,Óvoda,34.0
1.8.60,Alsó tagozat,18.0
1.8.60,Óvoda,15.0
1.8.61,Alsó tagozat,11.0
1.8.61,Óvoda,11.0
1.8.62,Alsó tagozat,20.0
1.8.62,Felső tagozat,24.0
1.8.62,Óvoda,17.0
1.8.63,Alsó tagozat,4.0
1.8.63,Óvoda,0.0
1.8.64,Alsó tagozat,0.0
1.8.65,Alsó tagozat,183.0
1.8.65,Felső tagozat,153.0
1.8.65,Óvoda,140.0
1.8.66,Alsó tagozat,141.0
1.8.66,Felső tagozat,134.0
1.8.66,Óvoda,110.0
1.8.67,Alsó tagozat,169.0
1.8.67,Felső tagozat,154.0
1.8.67,Óvoda,143.0
1.8.68,Alsó tagozat,4.0
1.8.69,Alsó tagozat,224.0
1.8.69,Felső tagozat,233.0
1.8.69,Óvoda,175.0
1.8.70,Alsó tagozat,544.0
1.8.70,Felső tagozat,635.0
1.8.70,Óvoda,481.0
1.8.71,Alsó tagozat,121.0
1.8.71,Felső tagozat,138.0
1.8.71,Óvoda,91.0
1.8.72,Alsó tagozat,9.0
1.8.72,Felső tagozat,18.0
1.8.72,Óvoda,10.0
1.8.73,Alsó tagozat,118.0
1.8.73,Felső tagozat,120.0
1.8.73,Óvoda,95.0
1.8.74,Alsó tagozat,47.0
1.8.74,Felső tagozat,166.0
1.8.74,Óvoda,29.0
1.8.75,Alsó tagozat,51.0
1.8.75,Felső tagozat,165.0
1.8.75,Óvoda,43.0
1.8.76,Alsó tagozat,6.0
1.8.76,Óvoda,11.0
1.8.77,Alsó tagozat,17.0
1.8.77,Óvoda,0.0
1.8.78,Alsó tagozat,4.0
1.8.78,Óvoda,7.0
1.8.79,Alsó tagozat,82.0
1.8.79,Felső tagozat,92.0
1.8.79,Óvoda,62.0
1.8.80,Alsó tagozat,7.0
1.8.80,Óvoda,10.0
1.8.81,Alsó tagozat,49.0
1.8.81,Felső tagozat,44.0
1.8.81,Óvoda,36.0
1.8.82,Alsó tagozat,29.0
1.8.82,Óvoda,12.0
1.8.83,Alsó tagozat,18.0
1.8.83,Óvoda,12.0
1.8.84,Alsó tagozat,34.0
1.8.84,Felső tagozat,47.0
1.8.84,Óvoda,22.0
1.8.85,Alsó tagozat,18.0
1.8.85,Felső tagozat,38.0
1.8.85,Óvoda,14.0
1.8.86,Alsó tagozat,18.0
1.8.86,Óvoda,16.0
1.8.87,Alsó tagozat,13.0
1.8.87,Óvoda,9.0
1.8.88,Alsó tagozat,0.0
1.8.88,Óvoda,18.0
1.8.89,Alsó tagozat,11.0
1.8.89,Óvoda,16.0
1.8.90,Alsó tagozat,19.0
1.8.90,Óvoda,22.0
1.8.91,Alsó tagozat,32.0
1.8.91,Óvoda,20.0
1.8.92,Alsó tagozat,19.0
1.8.92,Felső tagozat,31.0
1.8.92,Óvoda,8.0
1.8.93,Alsó tagozat,39.0
1.8.93,Felső tagozat,48.0
1.8.93,Óvoda,18.0
1.8.94,Alsó tagozat,18.0
1.8.94,Óvoda,12.0
1.8.95,Alsó tagozat,220.0
1.8.95,Felső tagozat,143.0
1.8.95,Óvoda,185.0
1.8.96,Alsó tagozat,25.0
1.8.96,Felső tagozat,54.0
1.8.96,Óvoda,11.0
1.8.97,Alsó tagozat,0.0
1.8.97,Óvoda,0.0
1.8.98,Alsó tagozat,89.0
1.8.98,Felső tagozat,94.0
1.8.98,Óvoda,54.0
1.8.99,Alsó tagozat,48.0
1.8.99,Felső tagozat,96.0
1.8.100,Alsó tagozat,45.0
1.8.100,Felső tagozat,38.0
1.8.100,Óvoda,43.0
1.8.101,Óvoda,46.0
1.8.102,Alsó tagozat,30.0
1.8.102,Óvoda,18.0
1.8.103,Alsó tagozat,32.0
1.8.103,Felső tagozat,23.0
1.8.103,Óvoda,29.0
1.8.104,Alsó tagozat,14.0
1.8.104,Óvoda,15.0
1.8.105,Alsó tagozat,33.0
1.8.105,Óvoda,22.0
1.8.106,Alsó tagozat,34.0
1.8.106,Felső tagozat,31.0
1.8.106,Óvoda,32.0
1.8.107,Alsó tagozat,27.0
1.8.107,Óvoda,21.0
1.8.108,Alsó tagozat,115.0
1.8.108,Felső tagozat,116.0
1.8.108,Óvoda,74.0
1.8.109,Alsó tagozat,115.0
1.8.109,Felső tagozat,106.0
1.8.109,Óvoda,77.0
1.8.110,Alsó tagozat,10.0
1.8.110,Óvoda,8.0
1.8.111,Alsó tagozat,47.0
1.8.111,Felső tagozat,63.0
1.8.111,Óvoda,39.0
1.8.112,Óvoda,0.0
1.8.113,Alsó tagozat,82.0
1.8.113,Felső tagozat,71.0
1.8.113,Óvoda,65.0
1.8.114,Alsó tagozat,73.0
1.8.114,Felső tagozat,81.0
1.8.114,Óvoda,42.0
1.8.115,Alsó tagozat,19.0
1.8.115,Óvoda,10.0
1.8.116,Alsó tagozat,30.0
1.8.116,Óvoda,29.0
1.8.117,Alsó tagozat,22.0
1.8.117,Óvoda,12.0
1.8.118,Alsó tagozat,0.0
1.8.118,Óvoda,0.0
1.8.119,Alsó tagozat,38.0
1.8.119,Felső tagozat,74.0
1.8.119,Óvoda,17.0
1.8.120,Alsó tagozat,93.0
1.8.120,Felső tagozat,86.0
1.8.120,Óvoda,86.0
1.8.121,Alsó tagozat,21.0
1.8.121,Felső tagozat,18.0
1.8.121,Óvoda,21.0
1.8.122,Alsó tagozat,128.0
1.8.122,Felső tagozat,131.0
1.8.122,Óvoda,104.0
1.8.123,Alsó tagozat,11.0
1.8.123,Óvoda,0.0
1.8.124,Alsó tagozat,0.0
1.8.124,Óvoda,0.0
1.8.125,Alsó tagozat,13.0
1.8.125,Felső tagozat,21.0
1.8.125,Óvoda,12.0
1.8.126,Alsó tagozat,0.0
1.8.127,Alsó tagozat,29.0
1.8.127,Felső tagozat,58.0
1.8.127,Óvoda,14.0
1.8.128,Alsó tagozat,9.0
1.8.128,Felső tagozat,11.0
1.8.128,Óvoda,6.0
1.8.129,Alsó tagozat,0.0
1.8.130,Alsó tagozat,0.0
1.8.130,Óvoda,0.0
1.8.131,Alsó tagozat,40.0
1.8.131,Felső tagozat,57.0
1.8.131,Óvoda,23.0
1.8.132,Alsó tagozat,304.0
1.8.132,Felső tagozat,299.0
1.8.132,Óvoda,323.0
1.8.133,Alsó tagozat,41.0
1.8.133,Felső tagozat,67.0
1.8.133,Óvoda,33.0
1.8.134,Alsó tagozat,20.0
1.8.134,Felső tagozat,30.0
1.8.134,Óvoda,18.0
1.8.135,Alsó tagozat,0.0
1.8.135,Óvoda,0.0
1.8.136,Alsó tagozat,12.0
1.8.136,Óvoda,7.0
1.8.137,Alsó tagozat,8.0
1.8.137,Óvoda,0.0
1.8.138,Alsó tagozat,343.0
1.8.138,Felső tagozat,403.0
1.8.138,Óvoda,280.0
1.8.139,Alsó tagozat,0.0
1.8.139,Óvoda,0.0
1.8.140,Alsó tagozat,0.0
1.8.141,Alsó tagozat,18.0
1.8.141,Óvoda,16.0
1.8.142,Alsó tagozat,7.0
1.8.142,Óvoda,10.0
1.8.143,Alsó tagozat,47.0
1.8.143,Felső tagozat,47.0
1.8.143,Óvoda,37.0
1.8.144,Alsó tagozat,65.0
1.8.144,Felső tagozat,75.0
1.8.144,Óvoda,39.0
1.8.145,Alsó tagozat,25.0
1.8.145,Felső tagozat,90.0
1.8.145,Óvoda,18.0
1.8.146,Alsó tagozat,9.0
1.8.146,Óvoda,8.0
1.8.147,Alsó tagozat,1500.0
1.8.147,Felső tagozat,1604.0
1.8.147,Óvoda,1466.0
1.8.148,Alsó tagozat,63.0
1.8.148,Felső tagozat,85.0
1.8.148,Óvoda,72.0
1.8.149,Alsó tagozat,28.0
1.8.149,Felső tagozat,0.0
1.8.149,Óvoda,29.0
1.8.150,Alsó tagozat,0.0
1.8.150,Óvoda,0.0
1.8.151,Alsó tagozat,0.0
1.8.152,Alsó tagozat,47.0
1.8.152,Felső tagozat,52.0
1.8.152,Óvoda,32.0
1.8.153,Alsó tagozat,0.0
1.8.153,Óvoda,11.0
1.8.154,Alsó tagozat,10.0
1.8.154,Óvoda,9.0
1.8.155,Alsó tagozat,40.0
1.8.155,Felső tagozat,62.0
1.8.155,Óvoda,27.0
1.8.156,Alsó tagozat,60.0
1.8.156,Felső tagozat,65.0
1.8.156,Óvoda,29.0
1.8.157,Alsó tagozat,18.0
1.8.157,Óvoda,12.0
1.8.158,Alsó tagozat,13.0
1.8.158,Óvoda,15.0
1.8.159,Alsó tagozat,2.0
1.8.159,Felső tagozat,9.0
1.8.159,Óvoda,5.0
1.8.160,Alsó tagozat,10.0
1.8.160,Felső tagozat,39.0
1.8.160,Óvoda,14.0
1.8.161,Alsó tagozat,13.0
1.8.161,Óvoda,0.0
1.8.162,Alsó tagozat,195.0
1.8.162,Felső tagozat,179.0
1.8.162,Óvoda,134.0
1.8.163,Alsó tagozat,32.0
1.8.163,Felső tagozat,48.0
1.8.163,Óvoda,23.0
1.8.164,Alsó tagozat,55.0
1.8.164,Felső tagozat,57.0
1.8.164,Óvoda,30.0
1.8.165,Alsó tagozat,44.0
1.8.165,Felső tagozat,39.0
1.8.165,Óvoda,33.0
1.8.166,Alsó tagozat,0.0
1.8.166,Óvoda,8.0
1.9.0,Alsó tagozat,11.0
1.9.0,Óvoda,10.0
1.9.1,Alsó tagozat,85.0
1.9.1,Felső tagozat,118.0
1.9.1,Óvoda,69.0
1.9.2,Alsó tagozat,9.0
1.9.2,Felső tagozat,7.0
1.9.2,Óvoda,10.0
1.9.3,Alsó tagozat,35.0
1.9.3,Felső tagozat,40.0
1.9.3,Óvoda,10.0
1.9.4,Óvoda,0.0
1.9.5,Óvoda,15.0
1.9.6,Alsó tagozat,29.0
1.9.6,Óvoda,25.0
1.9.7,Alsó tagozat,8.0
1.9.7,Felső tagozat,6.0
1.9.7,Óvoda,18.0
1.9.8,Alsó tagozat,0.0
1.9.8,Óvoda,20.0
1.10.0,Alsó tagozat,24.0
1.10.0,Felső tagozat,23.0
1.10.0,Óvoda,11.0
1.10.1,Alsó tagozat,0.0
1.10.1,Óvoda,0.0
1.10.2,Alsó tagozat,20.0
1.10.2,Felső tagozat,24.0
1.10.2,Óvoda,23.0
1.10.3,Alsó tagozat,10.0
1.10.3,Óvoda,14.0
1.10.4,Óvoda,19.0
1.10.5,Alsó tagozat,8.0
1.10.5,Óvoda,14.0
1.10.6,Alsó tagozat,36.0
1.10.6,Felső tagozat,47.0
1.10.6,Óvoda,32.0
1.10.7,Alsó tagozat,66.0
1.10.7,Felső tagozat,84.0
1.10.7,Óvoda,82.0
1.10.8,Alsó tagozat,16.0
1.10.8,Felső tagozat,21.0
1.10.8,Óvoda,19.0
1.10.9,Alsó tagozat,9.0
1.10.9,Óvoda,0.0
1.10.10,Alsó tagozat,50.0
1.10.10,Felső tagozat,41.0
1.10.10,Óvoda,59.0
1.10.11,Felső tagozat,11.0
1.10.11,Óvoda,15.0
1.10.12,Alsó tagozat,14.0
1.10.12,Óvoda,17.0
1.10.13,Alsó tagozat,18.0
1.10.13,Felső tagozat,19.0
1.10.13,Óvoda,41.0
1.10.14,Alsó tagozat,5.0
1.10.14,Óvoda,0.0
1.10.15,Alsó tagozat,0.0
1.10.15,Óvoda,0.0
1.10.16,Alsó tagozat,0.0
1.10.16,Óvoda,0.0
1.10.17,Alsó tagozat,43.0
1.10.17,Felső tagozat,58.0
1.10.17,Óvoda,24.0
1.10.18,Óvoda,43.0
1.10.19,Alsó tagozat,4.0
1.10.19,Óvoda,14.0
1.10.20,Alsó tagozat,1410.0
1.10.20,Felső tagozat,1323.0
1.10.20,Óvoda,1289.0
1.10.21,Alsó tagozat,44.0
1.10.21,Felső tagozat,51.0
1.10.21,Óvoda,19.0
1.10.22,Alsó tagozat,9.0
1.10.22,Óvoda,16.0
1.10.23,Alsó tagozat,0.0
1.10.24,Alsó tagozat,17.0
1.10.24,Óvoda,32.0
1.10.25,Alsó tagozat,0.0
1.10.26,Alsó tagozat,24.0
1.10.26,Felső tagozat,50.0
1.10.26,Óvoda,17.0
1.10.27,Alsó tagozat,0.0
1.10.27,Óvoda,0.0
1.10.28,Alsó tagozat,10.0
1.10.28,Óvoda,11.0
1.10.29,Alsó tagozat,50.0
1.10.29,Felső tagozat,53.0
1.10.29,Óvoda,34.0
1.10.30,Alsó tagozat,0.0
1.10.30,Óvoda,0.0
1.10.31,Óvoda,0.0
1.10.32,Alsó tagozat,15.0
1.10.32,Felső tagozat,21.0
1.10.32,Óvoda,8.0
1.10.33,Alsó tagozat,9.0
1.10.33,Óvoda,6.0
1.10.34,Alsó tagozat,18.0
1.10.34,Óvoda,13.0
1.10.35,Alsó tagozat,0.0
1.10.36,Alsó tagozat,0.0
1.10.36,Óvoda,0.0
1.10.37,Alsó tagozat,9.0
1.10.37,Óvoda,21.0
1.10.38,Alsó tagozat,49.0
1.10.38,Felső tagozat,49.0
1.10.38,Óvoda,44.0
1.10.39,Óvoda,9.0
1.10.40,Alsó tagozat,91.0
1.10.40,Felső tagozat,130.0
1.10.40,Óvoda,93.0
1.10.41,Óvoda,10.0
1.10.42,Alsó tagozat,6.0
1.10.42,Felső tagozat,0.0
1.10.42,Óvoda,15.0
1.10.43,Óvoda,0.0
1.10.44,Óvoda,48.0
1.10.45,Alsó tagozat,8.0
1.10.45,Óvoda,9.0
1.10.46,Alsó tagozat,61.0
1.10.46,Felső tagozat,69.0
1.10.46,Óvoda,52.0
1.10.47,Alsó tagozat,10.0
1.10.48,Alsó tagozat,62.0
1.10.48,Felső tagozat,82.0
1.10.48,Óvoda,52.0
1.10.49,Alsó tagozat,32.0
1.10.49,Felső tagozat,36.0
1.10.49,Óvoda,35.0
1.10.50,Alsó tagozat,0.0
1.10.50,Óvoda,7.0
1.10.51,Alsó tagozat,0.0
1.10.51,Óvoda,10.0
1.10.52,Alsó tagozat,7.0
1.10.52,Felső tagozat,19.0
1.10.52,Óvoda,17.0
1.10.53,Alsó tagozat,5.0
1.10.53,Óvoda,5.0
1.10.54,Alsó tagozat,45.0
1.10.54,Óvoda,13.0
1.10.55,Alsó tagozat,29.0
1.10.55,Felső tagozat,57.0
1.10.55,Óvoda,25.0
1.10.56,Alsó tagozat,0.0
1.10.56,Óvoda,10.0
1.11.0,Óvoda,0.0
1.11.1,Alsó tagozat,12.0
1.11.1,Óvoda,13.0
1.11.2,Alsó tagozat,27.0
1.11.2,Felső tagozat,72.0
1.11.2,Óvoda,12.0
1.11.3,Alsó tagozat,30.0
1.11.3,Felső tagozat,65.0
1.11.3,Óvoda,10.0
1.11.4,Alsó tagozat,197.0
1.11.4,Felső tagozat,246.0
1.11.4,Óvoda,178.0
1.11.5,Alsó tagozat,75.0
1.11.5,Felső tagozat,76.0
1.11.5,Óvoda,37.0
1.11.6,Alsó tagozat,10.0
1.11.6,Óvoda,8.0
1.11.7,Alsó tagozat,9.0
1.11.7,Óvoda,7.0
1.11.8,Alsó tagozat,5.0
1.11.8,Óvoda,8.0
1.11.9,Alsó tagozat,15.0
1.11.9,Óvoda,9.0
1.11.10,Alsó tagozat,9.0
1.11.10,Óvoda,12.0
1.11.11,Alsó tagozat,33.0
1.11.11,Felső tagozat,50.0
1.11.11,Óvoda,23.0
1.11.12,Alsó tagozat,125.0
1.11.12,Felső tagozat,148.0
1.11.12,Óvoda,101.0
1.11.13,Alsó tagozat,14.0
1.11.13,Óvoda,14.0
1.11.14,Alsó tagozat,0.0
1.11.14,Óvoda,0.0
1.11.15,Alsó tagozat,38.0
1.11.15,Felső tagozat,41.0
1.11.15,Óvoda,31.0
1.11.16,Alsó tagozat,25.0
1.11.16,Óvoda,15.0
1.11.17,Alsó tagozat,56.0
1.11.17,Felső tagozat,58.0
1.11.17,Óvoda,21.0
1.11.18,Alsó tagozat,55.0
1.11.18,Felső tagozat,70.0
1.11.18,Óvoda,34.0
1.11.19,Alsó tagozat,10.0
1.11.19,Óvoda,10.0
1.11.20,Alsó tagozat,32.0
1.11.20,Felső tagozat,0.0
1.11.20,Óvoda,23.0
1.11.21,Alsó tagozat,0.0
1.11.21,Óvoda,10.0
1.11.22,Alsó tagozat,13.0
1.11.22,Óvoda,9.0
1.11.23,Alsó tagozat,219.0
1.11.23,Felső tagozat,152.0
1.11.23,Óvoda,158.0
1.11.24,Alsó tagozat,36.0
1.11.24,Felső tagozat,40.0
1.11.24,Óvoda,20.0
1.11.25,Alsó tagozat,7.0
1.11.25,Óvoda,7.0
1.11.26,Alsó tagozat,9.0
1.11.26,Óvoda,13.0
1.11.27,Alsó tagozat,8.0
1.11.27,Óvoda,9.0
1.11.28,Alsó tagozat,11.0
1.11.28,Felső tagozat,8.0
1.11.28,Óvoda,6.0
1.11.29,Alsó tagozat,7.0
1.11.29,Óvoda,10.0
1.11.30,Alsó tagozat,30.0
1.11.30,Felső tagozat,28.0
1.11.30,Óvoda,29.0
1.11.31,Alsó tagozat,14.0
1.11.31,Óvoda,13.0
1.11.32,Alsó tagozat,6.0
1.11.32,Óvoda,12.0
1.11.33,Alsó tagozat,14.0
1.11.33,Óvoda,15.0
1.11.34,Alsó tagozat,31.0
1.11.34,Óvoda,21.0
1.11.35,Alsó tagozat,6.0
1.11.35,Óvoda,11.0
1.11.36,Alsó tagozat,29.0
1.11.36,Felső tagozat,32.0
1.11.36,Óvoda,18.0
1.11.37,Alsó tagozat,189.0
1.11.37,Felső tagozat,220.0
1.11.37,Óvoda,138.0
1.11.38,Alsó tagozat,0.0
1.11.38,Óvoda,0.0
1.11.39,Alsó tagozat,10.0
1.11.39,Óvoda,12.0
1.11.40,Alsó tagozat,12.0
1.11.40,Óvoda,13.0
1.11.41,Alsó tagozat,39.0
1.11.41,Felső tagozat,49.0
1.11.41,Óvoda,15.0
1.11.42,Alsó tagozat,4.0
1.11.42,Óvoda,9.0
1.11.43,Alsó tagozat,49.0
1.11.43,Felső tagozat,40.0
1.11.43,Óvoda,33.0
1.11.44,Alsó tagozat,18.0
1.11.44,Felső tagozat,29.0
1.11.44,Óvoda,19.0
1.11.45,Alsó tagozat,22.0
1.11.45,Óvoda,11.0
1.11.46,Alsó tagozat,16.0
1.11.46,Óvoda,19.0
1.11.47,Alsó tagozat,50.0
1.11.47,Felső tagozat,58.0
1.11.47,Óvoda,36.0
1.11.48,Alsó tagozat,94.0
1.11.48,Felső tagozat,97.0
1.11.48,Óvoda,86.0
1.11.49,Alsó tagozat,32.0
1.11.49,Felső tagozat,32.0
1.11.49,Óvoda,24.0
1.11.50,Alsó tagozat,674.0
1.11.50,Felső tagozat,796.0
1.11.50,Óvoda,547.0
1.11.51,Alsó tagozat,18.0
1.11.51,Felső tagozat,17.0
1.11.51,Óvoda,16.0
1.11.52,Alsó tagozat,21.0
1.11.52,Felső tagozat,0.0
1.11.52,Óvoda,19.0
1.11.53,Alsó tagozat,21.0
1.11.53,Felső tagozat,21.0
1.11.53,Óvoda,13.0
1.11.54,Alsó tagozat,54.0
1.11.54,Felső tagozat,54.0
1.11.54,Óvoda,48.0
1.11.55,Alsó tagozat,16.0
1.11.55,Óvoda,11.0
1.11.56,Alsó tagozat,29.0
1.11.56,Óvoda,24.0
1.11.57,Alsó tagozat,39.0
1.11.57,Felső tagozat,57.0
1.11.57,Óvoda,39.0
1.11.58,Alsó tagozat,27.0
1.11.58,Felső tagozat,41.0
1.11.58,Óvoda,19.0
1.11.59,Alsó tagozat,9.0
1.11.59,Óvoda,8.0
1.11.60,Alsó tagozat,65.0
1.11.60,Felső tagozat,55.0
1.11.60,Óvoda,40.0
1.11.61,Alsó tagozat,19.0
1.11.61,Felső tagozat,54.0
1.11.61,Óvoda,13.0
1.11.62,Alsó tagozat,9.0
1.11.62,Óvoda,11.0
1.11.63,Alsó tagozat,34.0
1.11.63,Felső tagozat,62.0
1.11.63,Óvoda,17.0
1.11.64,Alsó tagozat,78.0
1.11.64,Felső tagozat,92.0
1.11.64,Óvoda,65.0
1.11.65,Alsó tagozat,61.0
1.11.65,Felső tagozat,73.0
1.11.65,Óvoda,50.0
1.11.66,Alsó tagozat,32.0
1.11.66,Óvoda,29.0
1.11.67,Alsó tagozat,0.0
1.11.68,Alsó tagozat,15.0
1.11.68,Óvoda,8.0
1.11.69,Alsó tagozat,35.0
1.11.69,Felső tagozat,0.0
1.11.69,Óvoda,19.0
1.11.70,Alsó tagozat,8.0
1.11.70,Óvoda,14.0
1.11.71,Alsó tagozat,96.0
1.11.71,Felső tagozat,97.0
1.11.71,Óvoda,74.0
1.11.72,Alsó tagozat,15.0
1.11.72,Felső tagozat,20.0
1.11.72,Óvoda,13.0
1.11.73,Alsó tagozat,2.0
1.11.73,Óvoda,6.0
1.11.74,Alsó tagozat,76.0
1.11.74,Felső tagozat,77.0
1.11.74,Óvoda,34.0
1.11.75,Alsó tagozat,12.0
1.11.75,Óvoda,9.0
1.11.76,Alsó tagozat,45.0
1.11.76,Felső tagozat,75.0
1.11.76,Óvoda,27.0
1.11.77,Alsó tagozat,66.0
1.11.77,Felső tagozat,69.0
1.11.77,Óvoda,45.0
1.11.78,Alsó tagozat,79.0
1.11.78,Felső tagozat,97.0
1.11.78,Óvoda,63.0
1.11.79,Alsó tagozat,0.0
1.11.79,Óvoda,0.0
1.11.80,Alsó tagozat,1873.0
1.11.80,Felső tagozat,1900.0
1.11.80,Óvoda,1282.0
1.11.81,Alsó tagozat,0.0
1.11.81,Óvoda,10.0
1.11.82,Alsó tagozat,4.0
1.11.82,Óvoda,6.0
1.11.83,Alsó tagozat,18.0
1.11.83,Óvoda,14.0
1.11.84,Alsó tagozat,23.0
1.11.84,Felső tagozat,37.0
1.11.84,Óvoda,29.0
1.11.85,Óvoda,11.0
1.11.86,Alsó tagozat,23.0
1.11.86,Felső tagozat,20.0
1.11.86,Óvoda,19.0
1.11.87,Alsó tagozat,8.0
1.11.87,Óvoda,9.0
1.11.88,Alsó tagozat,17.0
1.11.88,Felső tagozat,22.0
1.11.88,Óvoda,17.0
1.11.89,Alsó tagozat,22.0
1.11.89,Felső tagozat,36.0
1.11.89,Óvoda,11.0
1.11.90,Alsó tagozat,12.0
1.11.90,Óvoda,11.0
1.11.91,Alsó tagozat,110.0
1.11.91,Felső tagozat,100.0
1.11.91,Óvoda,56.0
1.11.92,Alsó tagozat,92.0
1.11.92,Felső tagozat,105.0
1.11.92,Óvoda,59.0
1.11.93,Alsó tagozat,40.0
1.11.93,Felső tagozat,57.0
1.11.93,Óvoda,25.0
1.11.94,Alsó tagozat,102.0
1.11.94,Felső tagozat,74.0
1.11.94,Óvoda,61.0
1.11.95,Alsó tagozat,17.0
1.11.95,Óvoda,18.0
1.11.96,Alsó tagozat,4.0
1.11.96,Óvoda,5.0
1.11.97,Alsó tagozat,72.0
1.11.97,Felső tagozat,81.0
1.11.97,Óvoda,53.0
1.11.98,Alsó tagozat,10.0
1.11.98,Felső tagozat,6.0
1.11.98,Óvoda,16.0
1.11.99,Alsó tagozat,34.0
1.11.99,Felső tagozat,42.0
1.11.99,Óvoda,31.0
1.11.100,Alsó tagozat,0.0
1.11.100,Óvoda,0.0
1.12.0,Alsó tagozat,0.0
1.12.0,Óvoda,12.0
1.13.0,Alsó tagozat,35.0
1.13.1,Óvoda,0.0
1.13.2,Alsó tagozat,0.0
1.13.2,Óvoda,0.0
1.13.3,Alsó tagozat,0.0
1.13.3,Óvoda,15.0
1.13.4,Alsó tagozat,30.0
1.13.4,Felső tagozat,56.0
1.13.4,Óvoda,21.0
1.13.5,Alsó tagozat,59.0
1.13.5,Felső tagozat,65.0
1.13.5,Óvoda,32.0
1.13.6,Alsó tagozat,15.0
1.13.6,Óvoda,10.0
1.13.7,Alsó tagozat,0.0
1.13.7,Óvoda,10.0
1.13.8,Alsó tagozat,20.0
1.13.8,Felső tagozat,23.0
1.13.8,Óvoda,23.0
1.13.9,Alsó tagozat,14.0
1.13.9,Óvoda,13.0
1.13.10,Alsó tagozat,6.0
1.13.11,Alsó tagozat,22.0
1.13.11,Felső tagozat,13.0
1.13.11,Óvoda,16.0
1.13.12,Alsó tagozat,7.0
1.13.12,Óvoda,10.0
1.13.13,Alsó tagozat,10.0
1.13.13,Óvoda,13.0
1.13.14,Alsó tagozat,32.0
1.13.14,Felső tagozat,46.0
1.13.14,Óvoda,23.0
1.13.15,Alsó tagozat,35.0
1.13.15,Óvoda,23.0
1.13.16,Alsó tagozat,10.0
1.13.16,Óvoda,8.0
1.13.17,Alsó tagozat,15.0
1.13.17,Óvoda,12.0
1.13.18,Alsó tagozat,46.0
1.13.18,Felső tagozat,32.0
1.13.18,Óvoda,41.0
1.13.19,Alsó tagozat,28.0
1.13.19,Felső tagozat,65.0
1.13.19,Óvoda,15.0
1.13.20,Óvoda,0.0
1.13.21,Alsó tagozat,6.0
1.13.21,Óvoda,12.0
1.13.22,Alsó tagozat,0.0
1.13.22,Óvoda,0.0
1.13.23,Alsó tagozat,83.0
1.13.23,Felső tagozat,86.0
1.13.23,Óvoda,62.0
1.13.24,Alsó tagozat,18.0
1.13.24,Óvoda,13.0
1.13.25,Alsó tagozat,23.0
1.13.25,Felső tagozat,25.0
1.13.25,Óvoda,29.0
1.13.26,Alsó tagozat,14.0
1.13.26,Óvoda,12.0
1.13.27,Alsó tagozat,7.0
1.13.27,Óvoda,5.0
1.13.28,Alsó tagozat,28.0
1.13.28,Felső tagozat,39.0
1.13.28,Óvoda,19.0
1.13.29,Alsó tagozat,148.0
1.13.29,Felső tagozat,124.0
1.13.29,Óvoda,92.0
1.13.30,Alsó tagozat,13.0
1.13.30,Óvoda,14.0
1.13.31,Alsó tagozat,11.0
1.13.31,Óvoda,13.0
1.13.32,Alsó tagozat,18.0
1.13.32,Óvoda,16.0
1.13.33,Óvoda,18.0
1.13.34,Alsó tagozat,13.0
1.13.34,Óvoda,12.0
1.13.35,Alsó tagozat,8.0
1.13.35,Óvoda,7.0
1.13.36,Alsó tagozat,61.0
1.13.36,Felső tagozat,65.0
1.13.36,Óvoda,31.0
1.13.37,Alsó tagozat,81.0
1.13.37,Felső tagozat,155.0
1.13.37,Óvoda,74.0
1.13.38,Alsó tagozat,6.0
1.13.38,Óvoda,13.0
1.13.39,Alsó tagozat,15.0
1.13.39,Óvoda,15.0
1.13.40,Alsó tagozat,0.0
1.13.41,Alsó tagozat,34.0
1.13.41,Felső tagozat,33.0
1.13.41,Óvoda,30.0
1.13.42,Alsó tagozat,30.0
1.13.42,Óvoda,18.0
1.13.43,Alsó tagozat,22.0
1.13.43,Felső tagozat,28.0
1.13.43,Óvoda,17.0
1.13.44,Alsó tagozat,42.0
1.13.44,Felső tagozat,0.0
1.13.44,Óvoda,29.0
1.13.45,Alsó tagozat,0.0
1.13.45,Óvoda,12.0
1.13.46,Alsó tagozat,21.0
1.13.46,Felső tagozat,34.0
1.13.46,Óvoda,14.0
1.13.47,Alsó tagozat,27.0
1.13.47,Óvoda,32.0
1.13.48,Alsó tagozat,0.0
1.13.48,Óvoda,12.0
1.13.49,Alsó tagozat,43.0
1.13.49,Felső tagozat,54.0
1.13.49,Óvoda,32.0
1.13.50,Alsó tagozat,28.0
1.13.50,Felső tagozat,57.0
1.13.50,Óvoda,13.0
1.13.51,Alsó tagozat,15.0
1.13.51,Felső tagozat,15.0
1.13.51,Óvoda,15.0
1.13.52,Alsó tagozat,24.0
1.13.52,Óvoda,16.0
1.13.53,Alsó tagozat,8.0
1.13.53,Óvoda,12.0
1.13.54,Alsó tagozat,13.0
1.13.54,Óvoda,7.0
1.13.55,Alsó tagozat,13.0
1.13.55,Óvoda,10.0
1.13.56,Alsó tagozat,97.0
1.13.56,Felső tagozat,89.0
1.13.56,Óvoda,52.0
1.13.57,Alsó tagozat,22.0
1.13.57,Óvoda,18.0
1.13.58,Alsó tagozat,20.0
1.13.58,Felső tagozat,37.0
1.13.58,Óvoda,11.0
1.13.59,Óvoda,0.0
1.13.60,Alsó tagozat,14.0
1.13.60,Óvoda,10.0
1.13.61,Alsó tagozat,27.0
1.13.61,Felső tagozat,44.0
1.13.61,Óvoda,33.0
1.13.62,Alsó tagozat,13.0
1.13.62,Óvoda,13.0
1.13.63,Alsó tagozat,91.0
1.13.63,Felső tagozat,67.0
1.13.63,Óvoda,57.0
1.13.64,Alsó tagozat,11.0
1.13.64,Óvoda,8.0
1.13.65,Alsó tagozat,0.0
1.13.65,Óvoda,12.0
1.13.66,Alsó tagozat,61.0
1.13.66,Felső tagozat,50.0
1.13.66,Óvoda,48.0
1.13.67,Alsó tagozat,0.0
1.13.68,Óvoda,34.0
1.13.69,Alsó tagozat,11.0
1.13.70,Alsó tagozat,78.0
1.13.70,Felső tagozat,86.0
1.13.70,Óvoda,46.0
1.13.71,Alsó tagozat,18.0
1.13.71,Felső tagozat,25.0
1.13.71,Óvoda,9.0
1.13.72,Óvoda,5.0
1.13.73,Alsó tagozat,22.0
1.13.73,Felső tagozat,0.0
1.13.73,Óvoda,16.0
1.13.74,Alsó tagozat,31.0
1.13.74,Felső tagozat,63.0
1.13.74,Óvoda,13.0
1.13.75,Alsó tagozat,11.0
1.13.75,Óvoda,10.0
1.13.76,Alsó tagozat,0.0
1.13.76,Felső tagozat,0.0
1.13.76,Óvoda,0.0
1.13.77,Óvoda,0.0
1.13.78,Alsó tagozat,12.0
1.13.78,Óvoda,10.0
1.13.79,Alsó tagozat,6.0
1.13.79,Felső tagozat,0.0
1.13.79,Óvoda,9.0
1.13.80,Alsó tagozat,37.0
1.13.80,Óvoda,19.0
1.13.81,Alsó tagozat,12.0
1.13.81,Felső tagozat,14.0
1.13.81,Óvoda,14.0
1.13.82,Alsó tagozat,23.0
1.13.82,Óvoda,16.0
1.13.83,Alsó tagozat,46.0
1.13.83,Felső tagozat,55.0
1.13.83,Óvoda,17.0
1.13.84,Alsó tagozat,6.0
1.13.84,Felső tagozat,6.0
1.13.84,Óvoda,10.0
1.13.85,Alsó tagozat,97.0
1.13.85,Felső tagozat,77.0
1.13.85,Óvoda,57.0
1.13.86,Alsó tagozat,6.0
1.13.86,Felső tagozat,4.0
1.13.86,Óvoda,10.0
1.13.87,Alsó tagozat,17.0
1.13.87,Felső tagozat,15.0
1.13.87,Óvoda,14.0
1.13.88,Alsó tagozat,0.0
1.13.88,Óvoda,0.0
1.13.89,Alsó tagozat,48.0
1.13.89,Felső tagozat,63.0
1.13.89,Óvoda,28.0
1.13.90,Alsó tagozat,81.0
1.13.90,Felső tagozat,113.0
1.13.90,Óvoda,40.0
1.13.91,Alsó tagozat,41.0
1.13.91,Felső tagozat,60.0
1.13.91,Óvoda,28.0
1.13.92,Alsó tagozat,120.0
1.13.92,Felső tagozat,129.0
1.13.92,Óvoda,121.0
1.13.93,Alsó tagozat,76.0
1.13.93,Felső tagozat,58.0
1.13.93,Óvoda,46.0
1.13.94,Alsó tagozat,112.0
1.13.94,Felső tagozat,96.0
1.13.94,Óvoda,72.0
1.13.95,Alsó tagozat,6.0
1.13.95,Óvoda,12.0
1.13.96,Alsó tagozat,2198.0
1.13.96,Felső tagozat,2237.0
1.13.96,Óvoda,1659.0
1.13.97,Alsó tagozat,16.0
1.13.97,Felső tagozat,38.0
1.13.97,Óvoda,9.0
1.13.98,Alsó tagozat,16.0
1.13.98,Óvoda,15.0
1.13.99,Alsó tagozat,16.0
1.13.99,Felső tagozat,23.0
1.13.99,Óvoda,13.0
1.13.100,Alsó tagozat,73.0
1.13.100,Felső tagozat,77.0
1.13.100,Óvoda,49.0
1.13.101,Alsó tagozat,32.0
1.13.101,Felső tagozat,54.0
1.13.101,Óvoda,15.0
1.13.102,Alsó tagozat,12.0
1.13.102,Felső tagozat,0.0
1.13.102,Óvoda,11.0
1.13.103,Alsó tagozat,15.0
1.13.103,Óvoda,12.0
1.13.104,Alsó tagozat,40.0
1.13.104,Felső tagozat,33.0
1.13.104,Óvoda,37.0
1.13.105,Alsó tagozat,77.0
1.13.105,Felső tagozat,96.0
1.13.105,Óvoda,63.0
1.13.106,Alsó tagozat,28.0
1.13.106,Felső tagozat,25.0
1.13.106,Óvoda,24.0
1.13.107,Alsó tagozat,7.0
1.13.107,Óvoda,17.0
1.13.108,Alsó tagozat,31.0
1.13.108,Óvoda,17.0
1.13.109,Alsó tagozat,0.0
1.13.110,Alsó tagozat,9.0
1.13.110,Felső tagozat,23.0
1.13.110,Óvoda,11.0
1.13.111,Alsó tagozat,0.0
1.13.112,Alsó tagozat,100.0
1.13.112,Felső tagozat,72.0
1.13.112,Óvoda,64.0
1.13.113,Alsó tagozat,79.0
1.13.113,Felső tagozat,66.0
1.13.113,Óvoda,42.0
1.13.114,Alsó tagozat,29.0
1.13.114,Felső tagozat,31.0
1.13.114,Óvoda,38.0
1.13.115,Alsó tagozat,9.0
1.13.115,Óvoda,11.0
1.13.116,Alsó tagozat,41.0
1.13.116,Felső tagozat,40.0
1.13.116,Óvoda,25.0
1.13.117,Alsó tagozat,97.0
1.13.117,Felső tagozat,79.0
1.13.117,Óvoda,19.0
1.13.118,Alsó tagozat,60.0
1.13.118,Felső tagozat,67.0
1.13.118,Óvoda,44.0
1.13.119,Alsó tagozat,33.0
1.13.119,Felső tagozat,50.0
1.13.119,Óvoda,21.0
1.13.120,Alsó tagozat,97.0
1.13.120,Felső tagozat,93.0
1.13.120,Óvoda,70.0
1.13.121,Alsó tagozat,11.0
1.13.121,Óvoda,14.0
1.13.122,Alsó tagozat,15.0
1.13.122,Óvoda,15.0
1.13.123,Alsó tagozat,10.0
1.13.123,Óvoda,12.0
1.13.124,Alsó tagozat,12.0
1.13.124,Óvoda,9.0
1.13.125,Alsó tagozat,8.0
1.13.125,Óvoda,12.0
1.13.126,Alsó tagozat,165.0
1.13.126,Felső tagozat,222.0
1.13.126,Óvoda,149.0
1.13.127,Óvoda,0.0
1.13.128,Alsó tagozat,9.0
1.13.128,Óvoda,10.0
1.13.129,Alsó tagozat,0.0
1.13.129,Óvoda,6.0
1.13.130,Alsó tagozat,19.0
1.13.130,Felső tagozat,10.0
1.13.130,Óvoda,13.0
1.13.131,Alsó tagozat,23.0
1.13.131,Óvoda,15.0
1.13.132,Alsó tagozat,6.0
1.13.132,Óvoda,7.0
1.13.133,Alsó tagozat,94.0
1.13.133,Felső tagozat,123.0
1.13.133,Óvoda,61.0
1.13.134,Alsó tagozat,8.0
1.13.134,Óvoda,0.0
1.13.135,Alsó tagozat,50.0
1.13.135,Felső tagozat,71.0
1.13.135,Óvoda,37.0
1.13.136,Alsó tagozat,23.0
1.13.136,Felső tagozat,24.0
1.13.136,Óvoda,21.0
1.13.137,Alsó tagozat,22.0
1.13.137,Felső tagozat,0.0
1.13.137,Óvoda,25.0
1.13.138,Alsó tagozat,7.0
1.13.138,Óvoda,13.0
1.13.139,Alsó tagozat,6.0
1.13.139,Óvoda,0.0
1.13.140,Alsó tagozat,21.0
1.13.140,Óvoda,17.0
1.13.141,Alsó tagozat,28.0
1.13.141,Felső tagozat,17.0
1.13.141,Óvoda,18.0
1.13.142,Alsó tagozat,12.0
1.13.142,Óvoda,11.0
1.13.143,Alsó tagozat,287.0
1.13.143,Felső tagozat,344.0
1.13.143,Óvoda,208.0
1.13.144,Alsó tagozat,54.0
1.13.144,Felső tagozat,56.0
1.13.144,Óvoda,40.0
1.13.145,Óvoda,11.0
1.13.146,Alsó tagozat,4.0
1.13.147,Alsó tagozat,194.0
1.13.147,Felső tagozat,227.0
1.13.147,Óvoda,169.0
1.13.148,Alsó tagozat,9.0
1.13.149,Alsó tagozat,9.0
1.13.149,Óvoda,10.0
1.13.150,Alsó tagozat,19.0
1.13.150,Óvoda,15.0
1.13.151,Alsó tagozat,9.0
1.13.151,Óvoda,8.0
1.13.152,Alsó tagozat,32.0
1.13.152,Óvoda,44.0
1.13.153,Alsó tagozat,12.0
1.13.153,Felső tagozat,17.0
1.13.153,Óvoda,15.0
1.13.154,Alsó tagozat,0.0
1.13.154,Óvoda,11.0
1.13.155,Alsó tagozat,0.0
1.13.155,Óvoda,8.0
1.13.156,Alsó tagozat,14.0
1.13.156,Óvoda,21.0
1.13.157,Alsó tagozat,42.0
1.13.157,Óvoda,29.0
1.13.158,Alsó tagozat,25.0
1.13.158,Óvoda,27.0
1.13.159,Alsó tagozat,10.0
1.13.159,Felső tagozat,32.0
1.13.159,Óvoda,11.0
1.13.160,Alsó tagozat,6.0
1.13.160,Óvoda,10.0
1.13.161,Alsó tagozat,11.0
1.13.161,Óvoda,14.0
1.13.162,Alsó tagozat,0.0
1.13.162,Óvoda,0.0
1.13.163,Alsó tagozat,10.0
1.13.163,Óvoda,15.0
1.13.164,Alsó tagozat,76.0
1.13.164,Felső tagozat,61.0
1.13.164,Óvoda,53.0
1.13.165,Alsó tagozat,84.0
1.13.165,Felső tagozat,58.0
1.13.165,Óvoda,42.0
1.13.166,Óvoda,13.0
1.13.167,Alsó tagozat,89.0
1.13.167,Felső tagozat,63.0
1.13.167,Óvoda,46.0
1.13.168,Alsó tagozat,38.0
1.13.168,Óvoda,27.0
1.13.169,Óvoda,10.0
1.13.170,Alsó tagozat,21.0
1.13.170,Óvoda,36.0
1.13.171,Alsó tagozat,0.0
1.13.171,Óvoda,0.0
1.13.172,Alsó tagozat,22.0
1.13.172,Óvoda,13.0
1.13.173,Alsó tagozat,17.0
1.13.173,Óvoda,14.0
1.13.174,Alsó tagozat,36.0
1.13.174,Felső tagozat,34.0
1.13.174,Óvoda,27.0
1.13.175,Alsó tagozat,44.0
1.13.175,Felső tagozat,74.0
1.13.175,Óvoda,30.0
1.13.176,Óvoda,17.0
1.13.177,Alsó tagozat,6.0
1.13.177,Óvoda,14.0
1.13.178,Óvoda,12.0
1.13.179,Alsó tagozat,50.0
1.13.179,Felső tagozat,94.0
1.13.179,Óvoda,20.0
1.13.180,Óvoda,0.0
1.14.0,Alsó tagozat,20.0
1.14.0,Felső tagozat,13.0
1.14.0,Óvoda,29.0
1.14.1,Alsó tagozat,16.0
1.14.1,Felső tagozat,25.0
1.14.1,Óvoda,10.0
1.14.2,Alsó tagozat,9.0
1.14.2,Felső tagozat,13.0
1.14.2,Óvoda,22.0
1.14.3,Óvoda,17.0
1.14.4,Alsó tagozat,18.0
1.14.4,Felső tagozat,38.0
1.14.4,Óvoda,24.0
1.14.5,Alsó tagozat,6.0
1.14.5,Óvoda,6.0
1.14.6,Alsó tagozat,0.0
1.14.6,Óvoda,0.0
1.14.7,Alsó tagozat,16.0
1.14.7,Óvoda,18.0
1.14.8,Alsó tagozat,42.0
1.14.8,Felső tagozat,54.0
1.14.8,Óvoda,28.0
1.14.9,Alsó tagozat,136.0
1.14.9,Felső tagozat,133.0
1.14.9,Óvoda,143.0
1.14.10,Alsó tagozat,42.0
1.14.10,Felső tagozat,49.0
1.14.10,Óvoda,28.0
1.14.11,Alsó tagozat,32.0
1.14.11,Felső tagozat,24.0
1.14.11,Óvoda,14.0
1.14.12,Alsó tagozat,0.0
1.15.0,Alsó tagozat,26.0
1.15.0,Óvoda,30.0
1.15.1,Alsó tagozat,14.0
1.15.2,Alsó tagozat,11.0
1.15.3,Alsó tagozat,0.0
1.15.3,Óvoda,19.0
1.15.4,Alsó tagozat,61.0
1.15.4,Felső tagozat,59.0
1.15.4,Óvoda,40.0
1.15.5,Alsó tagozat,0.0
1.15.6,Alsó tagozat,30.0
1.15.6,Felső tagozat,53.0
1.15.6,Óvoda,17.0
1.15.7,Alsó tagozat,84.0
1.15.7,Felső tagozat,64.0
1.15.7,Óvoda,78.0
1.15.8,Alsó tagozat,31.0
1.15.8,Felső tagozat,30.0
1.15.8,Óvoda,21.0
1.15.9,Alsó tagozat,59.0
1.15.9,Felső tagozat,27.0
1.15.9,Óvoda,63.0
1.15.10,Alsó tagozat,24.0
1.15.10,Felső tagozat,55.0
1.15.10,Óvoda,28.0
1.15.11,Alsó tagozat,36.0
1.15.11,Felső tagozat,32.0
1.15.11,Óvoda,31.0
1.15.12,Óvoda,11.0
1.15.13,Alsó tagozat,28.0
1.15.13,Felső tagozat,33.0
1.15.13,Óvoda,38.0
1.15.14,Alsó tagozat,97.0
1.15.14,Felső tagozat,72.0
1.15.14,Óvoda,60.0
1.15.15,Alsó tagozat,39.0
1.15.15,Felső tagozat,36.0
1.15.15,Óvoda,29.0
1.15.16,Alsó tagozat,31.0
1.15.16,Óvoda,26.0
1.15.17,Alsó tagozat,45.0
1.15.17,Felső tagozat,0.0
1.15.17,Óvoda,33.0
1.15.18,Alsó tagozat,47.0
1.15.18,Felső tagozat,0.0
1.15.18,Óvoda,36.0
1.15.19,Alsó tagozat,68.0
1.15.19,Felső tagozat,86.0
1.15.19,Óvoda,16.0
1.15.20,Alsó tagozat,51.0
1.15.20,Óvoda,33.0
1.15.21,Alsó tagozat,34.0
1.15.21,Felső tagozat,37.0
1.15.21,Óvoda,30.0
1.15.22,Alsó tagozat,20.0
1.15.22,Felső tagozat,24.0
1.15.22,Óvoda,15.0
1.15.23,Alsó tagozat,75.0
1.15.23,Felső tagozat,82.0
1.15.23,Óvoda,75.0
1.15.24,Alsó tagozat,19.0
1.15.24,Óvoda,15.0
1.15.25,Óvoda,10.0
1.15.26,Alsó tagozat,0.0
1.15.26,Óvoda,16.0
1.15.27,Alsó tagozat,19.0
1.15.28,Alsó tagozat,0.0
1.15.28,Felső tagozat,20.0
1.15.29,Alsó tagozat,39.0
1.15.29,Óvoda,19.0
1.15.30,Alsó tagozat,63.0
1.15.30,Felső tagozat,48.0
1.15.30,Óvoda,32.0
1.15.31,Alsó tagozat,60.0
1.15.31,Felső tagozat,58.0
1.15.31,Óvoda,23.0
1.15.32,Alsó tagozat,0.0
1.15.32,Óvoda,14.0
1.15.33,Alsó tagozat,35.0
1.15.33,Óvoda,24.0
1.15.34,Alsó tagozat,56.0
1.15.34,Felső tagozat,78.0
1.15.34,Óvoda,60.0
1.15.35,Alsó tagozat,16.0
1.15.35,Felső tagozat,9.0
1.15.35,Óvoda,15.0
1.15.36,Alsó tagozat,59.0
1.15.36,Felső tagozat,56.0
1.15.36,Óvoda,27.0
1.15.37,Alsó tagozat,28.0
1.15.37,Felső tagozat,0.0
1.15.37,Óvoda,31.0
1.15.38,Alsó tagozat,46.0
1.15.38,Felső tagozat,35.0
1.15.38,Óvoda,23.0
1.15.39,Alsó tagozat,58.0
1.15.39,Felső tagozat,60.0
1.15.39,Óvoda,53.0
1.15.40,Alsó tagozat,391.0
1.15.40,Felső tagozat,455.0
1.15.40,Óvoda,309.0
1.15.41,Alsó tagozat,11.0
1.15.42,Alsó tagozat,30.0
1.15.42,Felső tagozat,38.0
1.15.42,Óvoda,33.0
1.15.43,Alsó tagozat,47.0
1.15.43,Felső tagozat,65.0
1.15.43,Óvoda,25.0
1.15.44,Alsó tagozat,16.0
1.15.44,Óvoda,12.0
1.15.45,Alsó tagozat,34.0
1.15.45,Felső tagozat,32.0
1.15.45,Óvoda,43.0
1.15.46,Óvoda,18.0
1.15.47,Óvoda,26.0
1.15.48,Alsó tagozat,62.0
1.15.48,Felső tagozat,53.0
1.15.48,Óvoda,37.0
1.15.49,Alsó tagozat,112.0
1.15.49,Felső tagozat,60.0
1.15.49,Óvoda,42.0
1.15.50,Alsó tagozat,29.0
1.15.50,Felső tagozat,29.0
1.15.50,Óvoda,30.0
1.15.51,Alsó tagozat,54.0
1.15.51,Felső tagozat,59.0
1.15.51,Óvoda,26.0
1.15.52,Alsó tagozat,87.0
1.15.52,Felső tagozat,68.0
1.15.52,Óvoda,58.0
1.15.53,Alsó tagozat,53.0
1.15.53,Felső tagozat,55.0
1.15.53,Óvoda,53.0
1.15.54,Alsó tagozat,1041.0
1.15.54,Felső tagozat,1081.0
1.15.54,Óvoda,613.0
1.15.55,Alsó tagozat,44.0
1.15.55,Óvoda,15.0
1.15.56,Alsó tagozat,57.0
1.15.56,Felső tagozat,56.0
1.15.56,Óvoda,39.0
1.15.57,Alsó tagozat,0.0
1.15.57,Óvoda,16.0
1.15.58,Alsó tagozat,20.0
1.15.58,Felső tagozat,0.0
1.15.58,Óvoda,16.0
1.15.59,Alsó tagozat,51.0
1.15.59,Felső tagozat,46.0
1.15.59,Óvoda,19.0
1.15.60,Alsó tagozat,130.0
1.15.60,Felső tagozat,162.0
1.15.60,Óvoda,75.0
1.15.61,Alsó tagozat,11.0
1.15.61,Óvoda,10.0
1.15.62,Alsó tagozat,156.0
1.15.62,Felső tagozat,130.0
1.15.62,Óvoda,93.0
1.15.63,Alsó tagozat,34.0
1.15.63,Óvoda,45.0
1.15.64,Alsó tagozat,112.0
1.15.64,Felső tagozat,113.0
1.15.64,Óvoda,91.0
1.15.65,Óvoda,10.0
1.15.66,Alsó tagozat,42.0
1.15.66,Óvoda,37.0
1.15.67,Alsó tagozat,34.0
1.15.67,Felső tagozat,30.0
1.15.67,Óvoda,28.0
1.15.68,Alsó tagozat,100.0
1.15.68,Felső tagozat,59.0
1.15.68,Óvoda,64.0
1.15.69,Alsó tagozat,43.0
1.15.69,Óvoda,26.0
1.15.70,Alsó tagozat,16.0
1.15.70,Óvoda,14.0
1.15.71,Alsó tagozat,37.0
1.15.71,Felső tagozat,67.0
1.15.71,Óvoda,38.0
1.16.0,Alsó tagozat,5.0
1.16.0,Óvoda,9.0
1.16.1,Alsó tagozat,0.0
1.16.1,Óvoda,6.0
1.16.2,Alsó tagozat,0.0
1.16.3,Alsó tagozat,46.0
1.16.3,Felső tagozat,44.0
1.16.3,Óvoda,52.0
1.16.4,Alsó tagozat,17.0
1.16.4,Felső tagozat,7.0
1.16.4,Óvoda,21.0
1.16.5,Alsó tagozat,0.0
1.16.6,Alsó tagozat,0.0
1.16.7,Alsó tagozat,3.0
1.16.7,Óvoda,0.0
1.17.0,Alsó tagozat,7.0
1.17.0,Óvoda,9.0
1.17.1,Alsó tagozat,11.0
1.17.1,Óvoda,9.0
1.17.2,Alsó tagozat,7.0
1.17.2,Óvoda,11.0
1.17.3,Alsó tagozat,30.0
1.17.3,Felső tagozat,49.0
1.17.3,Óvoda,29.0
1.17.4,Alsó tagozat,7.0
1.17.4,Óvoda,9.0
1.17.5,Alsó tagozat,23.0
1.17.5,Felső tagozat,43.0
1.17.5,Óvoda,17.0
1.17.6,Alsó tagozat,2.0
1.17.6,Óvoda,4.0
1.17.7,Alsó tagozat,163.0
1.17.7,Felső tagozat,160.0
1.17.7,Óvoda,139.0
1.17.8,Alsó tagozat,8.0
1.17.8,Óvoda,7.0
1.17.9,Alsó tagozat,0.0
1.17.10,Alsó tagozat,60.0
1.17.10,Felső tagozat,37.0
1.17.10,Óvoda,24.0
1.17.11,Alsó tagozat,52.0
1.17.11,Felső tagozat,60.0
1.17.11,Óvoda,72.0
1.17.12,Alsó tagozat,0.0
1.17.13,Alsó tagozat,4.0
1.17.13,Óvoda,5.0
1.17.14,Alsó tagozat,22.0
1.17.14,Felső tagozat,18.0
1.17.14,Óvoda,15.0
1.17.15,Alsó tagozat,0.0
1.17.15,Óvoda,0.0
1.17.16,Alsó tagozat,49.0
1.17.16,Óvoda,32.0
1.17.17,Alsó tagozat,9.0
1.17.17,Óvoda,13.0
1.17.18,Alsó tagozat,0.0
1.17.19,Óvoda,12.0
1.17.20,Alsó tagozat,131.0
1.17.20,Felső tagozat,121.0
1.17.20,Óvoda,98.0
1.17.21,Alsó tagozat,32.0
1.17.21,Óvoda,30.0
1.17.22,Alsó tagozat,0.0
1.17.22,Óvoda,6.0
1.17.23,Alsó tagozat,53.0
1.17.23,Felső tagozat,46.0
1.17.23,Óvoda,58.0
1.17.24,Alsó tagozat,45.0
1.17.24,Felső tagozat,51.0
1.17.24,Óvoda,22.0
1.17.25,Alsó tagozat,0.0
1.17.25,Óvoda,11.0
1.17.26,Alsó tagozat,81.0
1.17.26,Felső tagozat,133.0
1.17.26,Óvoda,88.0
1.17.27,Alsó tagozat,25.0
1.17.27,Felső tagozat,18.0
1.17.27,Óvoda,19.0
1.17.28,Alsó tagozat,10.0
1.17.28,Óvoda,12.0
1.17.29,Alsó tagozat,10.0
1.17.29,Óvoda,0.0
1.17.30,Alsó tagozat,35.0
1.17.30,Felső tagozat,57.0
1.17.30,Óvoda,33.0
1.17.31,Alsó tagozat,109.0
1.17.31,Felső tagozat,117.0
1.17.31,Óvoda,71.0
1.17.32,Alsó tagozat,31.0
1.17.32,Felső tagozat,44.0
1.17.32,Óvoda,41.0
1.17.33,Alsó tagozat,98.0
1.17.33,Felső tagozat,81.0
1.17.33,Óvoda,88.0
1.17.34,Alsó tagozat,104.0
1.17.34,Felső tagozat,95.0
1.17.34,Óvoda,51.0
1.17.35,Alsó tagozat,0.0
1.17.36,Alsó tagozat,4.0
1.17.36,Óvoda,0.0
1.17.37,Alsó tagozat,71.0
1.17.37,Felső tagozat,76.0
1.17.37,Óvoda,57.0
1.17.38,Alsó tagozat,38.0
1.17.38,Felső tagozat,0.0
1.17.38,Óvoda,20.0
1.17.39,Alsó tagozat,50.0
1.17.39,Felső tagozat,51.0
1.17.39,Óvoda,22.0
1.17.40,Alsó tagozat,15.0
1.17.40,Óvoda,13.0
1.17.41,Alsó tagozat,9.0
1.17.41,Óvoda,10.0
1.17.42,Alsó tagozat,272.0
1.17.42,Felső tagozat,356.0
1.17.42,Óvoda,282.0
1.17.43,Alsó tagozat,10.0
1.17.43,Felső tagozat,6.0
1.17.43,Óvoda,22.0
1.17.44,Alsó tagozat,26.0
1.17.44,Felső tagozat,22.0
1.17.44,Óvoda,18.0
1.18.0,Alsó tagozat,0.0
1.18.0,Óvoda,16.0
1.18.1,Óvoda,11.0
1.18.2,Alsó tagozat,11.0
1.18.2,Felső tagozat,8.0
1.18.2,Óvoda,12.0
1.18.3,Alsó tagozat,17.0
1.18.3,Felső tagozat,11.0
1.18.3,Óvoda,34.0
1.18.4,Óvoda,17.0
1.18.5,Alsó tagozat,8.0
1.18.5,Óvoda,10.0
1.18.6,Alsó tagozat,9.0
1.18.6,Felső tagozat,0.0
1.18.6,Óvoda,30.0
1.18.7,Alsó tagozat,5.0
1.18.7,Óvoda,14.0
1.18.8,Alsó tagozat,0.0
1.18.8,Óvoda,23.0
1.18.9,Alsó tagozat,224.0
1.18.9,Felső tagozat,161.0
1.18.9,Óvoda,209.0
1.18.10,Óvoda,0.0
1.18.11,Alsó tagozat,11.0
1.18.11,Felső tagozat,18.0
1.18.11,Óvoda,19.0
1.18.12,Alsó tagozat,4.0
1.18.12,Felső tagozat,8.0
1.18.12,Óvoda,11.0
1.18.13,Alsó tagozat,16.0
1.18.13,Felső tagozat,10.0
1.18.13,Óvoda,11.0
1.18.14,Alsó tagozat,11.0
1.18.14,Óvoda,9.0
1.18.15,Óvoda,19.0
1.18.16,Alsó tagozat,9.0
1.18.16,Óvoda,68.0
2.1.0,Alsó tagozat,0.0
2.1.0,Felső tagozat,0.0
2.1.0,Óvoda,22.0
2.1.1,Alsó tagozat,93.0
2.1.1,Felső tagozat,130.0
2.1.1,Óvoda,54.0
2.1.2,Óvoda,22.0
2.1.3,Alsó tagozat,0.0
2.1.3,Felső tagozat,0.0
2.1.3,Óvoda,20.0
2.1.4,Óvoda,21.0
2.1.5,Alsó tagozat,7.0
2.1.5,Felső tagozat,0.0
2.1.5,Óvoda,21.0
2.1.6,Alsó tagozat,0.0
2.1.6,Felső tagozat,0.0
2.1.6,Óvoda,14.0
2.1.7,Alsó tagozat,142.0
2.1.7,Felső tagozat,176.0
2.1.7,Óvoda,118.0
2.1.8,Alsó tagozat,18.0
2.1.8,Felső tagozat,22.0
2.1.8,Óvoda,37.0
2.1.9,Alsó tagozat,29.0
2.1.9,Felső tagozat,0.0
2.1.9,Óvoda,48.0
2.1.10,Alsó tagozat,0.0
2.1.10,Felső tagozat,0.0
2.1.10,Óvoda,32.0
2.1.11,Óvoda,12.0
2.1.12,Alsó tagozat,24.0
2.1.12,Felső tagozat,0.0
2.1.12,Óvoda,46.0
2.1.13,Alsó tagozat,0.0
2.1.13,Felső tagozat,0.0
2.1.13,Óvoda,13.0
2.1.14,Óvoda,23.0
2.1.15,Alsó tagozat,97.0
2.1.15,Felső tagozat,166.0
2.1.15,Óvoda,25.0
2.1.16,Alsó tagozat,0.0
2.1.16,Felső tagozat,0.0
2.1.16,Óvoda,10.0
2.1.17,Óvoda,60.0
2.1.18,Alsó tagozat,71.0
2.1.18,Felső tagozat,112.0
2.1.19,Alsó tagozat,0.0
2.1.19,Felső tagozat,0.0
2.1.19,Óvoda,44.0
2.1.20,Óvoda,13.0
2.1.21,Alsó tagozat,774.0
2.1.21,Felső tagozat,1045.0
2.1.21,Óvoda,531.0
2.1.22,Óvoda,21.0
2.1.23,Alsó tagozat,64.0
2.1.23,Felső tagozat,100.0
2.1.23,Óvoda,58.0
2.1.24,Alsó tagozat,35.0
2.1.24,Felső tagozat,6.0
2.1.24,Óvoda,45.0
2.1.25,Alsó tagozat,87.0
2.1.25,Felső tagozat,133.0
2.1.25,Óvoda,115.0
2.1.26,Alsó tagozat,50.0
2.1.26,Felső tagozat,52.0
2.1.26,Óvoda,24.0
2.1.27,Alsó tagozat,28.0
2.1.27,Felső tagozat,44.0
2.1.27,Óvoda,61.0
2.1.28,Alsó tagozat,17.0
2.1.28,Felső tagozat,0.0
2.1.28,Óvoda,13.0
2.1.29,Óvoda,18.0
2.1.30,Alsó tagozat,30.0
2.1.30,Felső tagozat,0.0
2.1.30,Óvoda,32.0
2.1.31,Alsó tagozat,27.0
2.1.31,Felső tagozat,0.0
2.1.32,Alsó tagozat,27.0
2.1.32,Felső tagozat,26.0
2.1.32,Óvoda,44.0
2.1.33,Óvoda,21.0
2.1.34,Óvoda,19.0
2.1.35,Alsó tagozat,61.0
2.1.35,Felső tagozat,0.0
2.1.35,Óvoda,38.0
2.1.36,Óvoda,6.0
2.1.37,Alsó tagozat,39.0
2.1.37,Felső tagozat,47.0
2.1.37,Óvoda,45.0
2.1.38,Alsó tagozat,0.0
2.1.38,Felső tagozat,0.0
2.1.38,Óvoda,21.0
2.1.39,Alsó tagozat,5.0
2.1.39,Felső tagozat,0.0
2.1.39,Óvoda,9.0
2.1.40,Óvoda,14.0
2.1.41,Alsó tagozat,21.0
2.1.41,Felső tagozat,0.0
2.1.41,Óvoda,28.0
2.1.42,Alsó tagozat,58.0
2.1.42,Felső tagozat,102.0
2.1.42,Óvoda,20.0
2.1.43,Alsó tagozat,234.0
2.1.43,Felső tagozat,287.0
2.1.43,Óvoda,139.0
2.1.44,Alsó tagozat,52.0
2.1.44,Felső tagozat,53.0
2.1.44,Óvoda,77.0
2.1.45,Óvoda,28.0
2.1.46,Óvoda,28.0
2.1.47,Alsó tagozat,75.0
2.1.47,Felső tagozat,108.0
2.1.47,Óvoda,61.0
2.1.48,Alsó tagozat,74.0
2.1.48,Felső tagozat,100.0
2.1.48,Óvoda,67.0
2.1.49,Alsó tagozat,7.0
2.1.49,Felső tagozat,0.0
2.1.49,Óvoda,17.0
2.1.50,Alsó tagozat,23.0
2.1.50,Felső tagozat,0.0
2.1.51,Óvoda,22.0
2.1.52,Óvoda,22.0
2.1.53,Alsó tagozat,44.0
2.1.53,Felső tagozat,65.0
2.1.53,Óvoda,48.0
2.1.54,Óvoda,31.0
2.1.55,Alsó tagozat,282.0
2.1.55,Felső tagozat,287.0
2.1.55,Óvoda,196.0
2.1.56,Alsó tagozat,0.0
2.1.56,Felső tagozat,0.0
2.1.56,Óvoda,20.0
2.1.57,Alsó tagozat,5.0
2.1.57,Felső tagozat,0.0
2.1.57,Óvoda,37.0
2.1.58,Óvoda,9.0
2.1.59,Alsó tagozat,56.0
2.1.59,Felső tagozat,123.0
2.1.59,Óvoda,20.0
2.2.0,Alsó tagozat,0.0
2.2.0,Felső tagozat,0.0
2.2.0,Óvoda,0.0
2.2.1,Alsó tagozat,31.0
2.2.1,Felső tagozat,0.0
2.2.1,Óvoda,31.0
2.2.2,Alsó tagozat,27.0
2.2.2,Felső tagozat,42.0
2.2.2,Óvoda,17.0
2.2.3,Alsó tagozat,31.0
2.2.3,Felső tagozat,0.0
2.2.3,Óvoda,40.0
2.2.4,Alsó tagozat,45.0
2.2.4,Felső tagozat,115.0
2.2.4,Óvoda,48.0
2.2.5,Alsó tagozat,151.0
2.2.5,Felső tagozat,195.0
2.2.5,Óvoda,87.0
2.2.6,Alsó tagozat,42.0
2.2.6,Felső tagozat,107.0
2.2.6,Óvoda,34.0
2.2.7,Alsó tagozat,60.0
2.2.7,Felső tagozat,62.0
2.2.7,Óvoda,42.0
2.2.8,Alsó tagozat,13.0
2.2.8,Felső tagozat,0.0
2.2.8,Óvoda,18.0
2.2.9,Alsó tagozat,54.0
2.2.9,Felső tagozat,57.0
2.2.9,Óvoda,59.0
2.2.10,Alsó tagozat,49.0
2.2.10,Felső tagozat,66.0
2.2.10,Óvoda,44.0
2.2.11,Alsó tagozat,0.0
2.2.11,Felső tagozat,0.0
2.2.11,Óvoda,21.0
2.2.12,Alsó tagozat,0.0
2.2.12,Felső tagozat,0.0
2.2.12,Óvoda,0.0
2.2.13,Alsó tagozat,86.0
2.2.13,Felső tagozat,131.0
2.2.13,Óvoda,68.0
2.2.14,Alsó tagozat,0.0
2.2.14,Felső tagozat,0.0
2.2.14,Óvoda,19.0
2.2.15,Alsó tagozat,60.0
2.2.15,Felső tagozat,79.0
2.2.15,Óvoda,33.0
2.2.16,Alsó tagozat,18.0
2.2.16,Felső tagozat,0.0
2.2.16,Óvoda,22.0
2.2.17,Alsó tagozat,8.0
2.2.17,Felső tagozat,37.0
2.2.17,Óvoda,19.0
2.2.18,Alsó tagozat,26.0
2.2.18,Felső tagozat,0.0
2.2.18,Óvoda,37.0
2.3.0,Alsó tagozat,13.0
2.3.0,Felső tagozat,0.0
2.3.0,Óvoda,11.0
2.3.1,Alsó tagozat,96.0
2.3.1,Felső tagozat,98.0
2.3.1,Óvoda,30.0
2.3.2,Óvoda,0.0
2.3.3,Alsó tagozat,0.0
2.3.3,Felső tagozat,0.0
2.3.3,Óvoda,14.0
2.3.4,Óvoda,0.0
2.3.5,Óvoda,0.0
2.3.6,Alsó tagozat,306.0
2.3.6,Felső tagozat,228.0
2.3.6,Óvoda,119.0
2.3.7,Alsó tagozat,22.0
2.3.7,Felső tagozat,0.0
2.3.7,Óvoda,5.0
2.3.8,Óvoda,3.0
2.3.9,Alsó tagozat,82.0
2.3.9,Felső tagozat,62.0
2.3.10,Alsó tagozat,14.0
2.3.10,Felső tagozat,0.0
2.3.10,Óvoda,13.0
2.3.11,Alsó tagozat,0.0
2.3.11,Felső tagozat,0.0
2.3.11,Óvoda,0.0
2.4.0,Alsó tagozat,101.0
2.4.0,Felső tagozat,116.0
2.4.0,Óvoda,115.0
2.5.0,Óvoda,10.0
2.5.1,Alsó tagozat,73.0
2.5.1,Felső tagozat,89.0
2.5.1,Óvoda,59.0
2.5.2,Alsó tagozat,55.0
2.5.2,Felső tagozat,58.0
2.5.2,Óvoda,29.0
2.5.3,Alsó tagozat,68.0
2.5.3,Felső tagozat,87.0
2.5.3,Óvoda,39.0
2.5.4,Alsó tagozat,51.0
2.5.4,Felső tagozat,72.0
2.5.4,Óvoda,28.0
2.5.5,Alsó tagozat,29.0
2.5.5,Felső tagozat,42.0
2.5.5,Óvoda,19.0
2.5.6,Alsó tagozat,12.0
2.5.6,Felső tagozat,0.0
2.5.6,Óvoda,19.0
2.5.7,Alsó tagozat,44.0
2.5.7,Felső tagozat,82.0
2.5.7,Óvoda,21.0
2.5.8,Óvoda,14.0
2.5.9,Alsó tagozat,304.0
2.5.9,Felső tagozat,380.0
2.5.9,Óvoda,193.0
2.5.10,Alsó tagozat,45.0
2.5.10,Felső tagozat,66.0
2.5.10,Óvoda,30.0
2.5.11,Alsó tagozat,25.0
2.5.11,Felső tagozat,44.0
2.5.11,Óvoda,19.0
2.5.12,Alsó tagozat,11.0
2.5.12,Felső tagozat,0.0
2.5.12,Óvoda,11.0
2.5.13,Alsó tagozat,29.0
2.5.13,Felső tagozat,0.0
2.5.13,Óvoda,13.0
2.5.14,Óvoda,7.0
2.5.15,Óvoda,457.0
2.5.16,Óvoda,8.0
2.5.17,Alsó tagozat,52.0
2.5.17,Felső tagozat,75.0
2.5.17,Óvoda,42.0
2.5.18,Alsó tagozat,80.0
2.5.18,Felső tagozat,92.0
2.5.18,Óvoda,22.0
2.5.19,Alsó tagozat,33.0
2.5.19,Felső tagozat,52.0
2.5.19,Óvoda,19.0
2.5.20,Alsó tagozat,112.0
2.5.20,Felső tagozat,154.0
2.5.20,Óvoda,54.0
2.5.21,Alsó tagozat,8.0
2.5.21,Felső tagozat,0.0
2.5.21,Óvoda,20.0
2.5.22,Alsó tagozat,14.0
2.5.22,Felső tagozat,0.0
2.5.22,Óvoda,15.0
2.5.23,Alsó tagozat,14.0
2.5.23,Felső tagozat,0.0
2.5.23,Óvoda,16.0
2.5.24,Alsó tagozat,71.0
2.5.24,Felső tagozat,90.0
2.5.24,Óvoda,39.0
2.5.25,Alsó tagozat,45.0
2.5.25,Felső tagozat,84.0
2.5.25,Óvoda,36.0
2.5.26,Óvoda,11.0
2.5.27,Alsó tagozat,55.0
2.5.27,Felső tagozat,62.0
2.5.27,Óvoda,30.0
2.5.28,Alsó tagozat,771.0
2.5.28,Felső tagozat,879.0
2.5.29,Óvoda,18.0
2.5.30,Alsó tagozat,18.0
2.5.30,Felső tagozat,0.0
2.5.30,Óvoda,12.0
2.5.31,Óvoda,11.0
2.5.32,Óvoda,10.0
2.5.33,Alsó tagozat,169.0
2.5.33,Felső tagozat,82.0
2.5.33,Óvoda,33.0
2.6.0,Alsó tagozat,23.0
2.6.0,Felső tagozat,0.0
2.6.1,Alsó tagozat,18.0
2.6.1,Felső tagozat,0.0
2.6.1,Óvoda,24.0
2.6.2,Alsó tagozat,22.0
2.6.2,Felső tagozat,0.0
2.6.2,Óvoda,19.0
2.6.3,Alsó tagozat,51.0
2.6.3,Felső tagozat,0.0
2.6.3,Óvoda,21.0
2.6.4,Alsó tagozat,350.0
2.6.4,Felső tagozat,507.0
2.6.4,Óvoda,144.0
2.6.5,Alsó tagozat,23.0
2.6.5,Felső tagozat,0.0
2.6.6,Alsó tagozat,33.0
2.6.6,Felső tagozat,0.0
2.6.6,Óvoda,15.0
2.6.7,Alsó tagozat,29.0
2.6.7,Felső tagozat,0.0
2.6.8,Óvoda,9.0
2.6.9,Óvoda,18.0
2.6.10,Alsó tagozat,68.0
2.6.10,Felső tagozat,0.0
2.6.11,Alsó tagozat,9.0
2.6.11,Felső tagozat,0.0
2.6.12,Alsó tagozat,46.0
2.6.12,Felső tagozat,97.0
2.6.12,Óvoda,37.0
2.6.13,Alsó tagozat,28.0
2.6.13,Felső tagozat,52.0
2.6.13,Óvoda,20.0
2.6.14,Alsó tagozat,40.0
2.6.14,Felső tagozat,102.0
2.6.14,Óvoda,18.0
2.6.15,Alsó tagozat,6.0
2.6.15,Felső tagozat,0.0
2.6.16,Alsó tagozat,8.0
2.6.16,Felső tagozat,0.0
2.7.0,Alsó tagozat,22.0
2.7.0,Felső tagozat,0.0
2.7.0,Óvoda,5.0
2.7.1,Alsó tagozat,41.0
2.7.1,Felső tagozat,45.0
2.7.1,Óvoda,11.0
2.7.2,Alsó tagozat,17.0
2.7.2,Felső tagozat,35.0
2.7.2,Óvoda,13.0
2.7.3,Óvoda,13.0
2.7.4,Alsó tagozat,12.0
2.7.4,Felső tagozat,0.0
2.7.4,Óvoda,15.0
2.7.5,Óvoda,10.0
2.7.6,Alsó tagozat,28.0
2.7.6,Felső tagozat,38.0
2.7.7,Óvoda,17.0
2.7.8,Alsó tagozat,180.0
2.7.8,Felső tagozat,271.0
2.7.8,Óvoda,103.0
2.7.9,Alsó tagozat,15.0
2.7.9,Felső tagozat,0.0
2.7.9,Óvoda,13.0
2.7.10,Óvoda,6.0
2.7.11,Alsó tagozat,0.0
2.7.11,Felső tagozat,0.0
2.7.11,Óvoda,18.0
2.7.12,Óvoda,21.0
2.7.13,Alsó tagozat,53.0
2.7.13,Felső tagozat,70.0
2.7.13,Óvoda,32.0
2.7.14,Alsó tagozat,27.0
2.7.14,Felső tagozat,27.0
2.7.15,Óvoda,19.0
2.7.16,Alsó tagozat,45.0
2.7.16,Felső tagozat,43.0
2.7.16,Óvoda,23.0
2.7.17,Óvoda,18.0
2.7.18,Óvoda,5.0
2.7.19,Alsó tagozat,21.0
2.7.19,Felső tagozat,19.0
2.7.19,Óvoda,19.0
2.7.20,Alsó tagozat,10.0
2.7.20,Felső tagozat,0.0
2.7.21,Óvoda,16.0
2.7.22,Alsó tagozat,28.0
2.7.22,Felső tagozat,34.0
2.7.22,Óvoda,24.0
2.7.23,Alsó tagozat,109.0
2.7.23,Felső tagozat,147.0
2.7.23,Óvoda,67.0
2.7.24,Alsó tagozat,20.0
2.7.24,Felső tagozat,28.0
2.7.24,Óvoda,16.0
2.8.0,Alsó tagozat,13.0
2.8.0,Felső tagozat,13.0
2.8.0,Óvoda,14.0
2.8.1,Alsó tagozat,0.0
2.8.1,Felső tagozat,0.0
2.8.1,Óvoda,12.0
2.8.2,Alsó tagozat,54.0
2.8.2,Felső tagozat,62.0
2.8.2,Óvoda,27.0
2.8.3,Alsó tagozat,0.0
2.8.3,Felső tagozat,0.0
2.8.3,Óvoda,17.0
2.8.4,Óvoda,12.0
2.8.5,Óvoda,9.0
2.8.6,Alsó tagozat,47.0
2.8.6,Felső tagozat,60.0
2.8.6,Óvoda,46.0
2.8.7,Óvoda,10.0
2.8.8,Alsó tagozat,3.0
2.8.8,Felső tagozat,11.0
2.8.8,Óvoda,9.0
2.8.9,Óvoda,6.0
2.8.10,Óvoda,7.0
2.8.11,Óvoda,12.0
2.8.12,Alsó tagozat,21.0
2.8.12,Felső tagozat,24.0
2.8.13,Alsó tagozat,4.0
2.8.13,Felső tagozat,0.0
2.8.13,Óvoda,13.0
2.9.0,Óvoda,10.0
2.9.1,Óvoda,8.0
2.9.2,Alsó tagozat,28.0
2.9.2,Felső tagozat,0.0
2.9.2,Óvoda,19.0
2.9.3,Alsó tagozat,60.0
2.9.3,Felső tagozat,57.0
2.9.4,Óvoda,14.0
2.9.5,Óvoda,10.0
2.9.6,Alsó tagozat,21.0
2.9.6,Felső tagozat,0.0
2.9.7,Alsó tagozat,50.0
2.9.7,Felső tagozat,0.0
2.9.7,Óvoda,13.0
2.9.8,Óvoda,8.0
2.9.9,Alsó tagozat,176.0
2.9.9,Felső tagozat,256.0
2.9.9,Óvoda,73.0
2.9.10,Óvoda,5.0
2.9.11,Óvoda,16.0
2.9.12,Alsó tagozat,89.0
2.9.12,Felső tagozat,89.0
2.9.13,Alsó tagozat,83.0
2.9.13,Felső tagozat,0.0
2.9.14,Óvoda,4.0
2.9.15,Alsó tagozat,63.0
2.9.15,Felső tagozat,94.0
2.9.15,Óvoda,30.0
2.10.0,Alsó tagozat,34.0
2.10.0,Felső tagozat,0.0
2.10.0,Óvoda,19.0
2.10.1,Alsó tagozat,23.0
2.10.1,Felső tagozat,0.0
2.10.2,Alsó tagozat,92.0
2.10.2,Felső tagozat,158.0
2.10.2,Óvoda,22.0
2.10.3,Óvoda,29.0
2.10.4,Alsó tagozat,32.0
2.10.4,Felső tagozat,129.0
2.10.4,Óvoda,20.0
2.10.5,Alsó tagozat,278.0
2.10.5,Felső tagozat,517.0
2.10.5,Óvoda,72.0
2.11.0,Alsó tagozat,4.0
2.11.0,Felső tagozat,0.0
2.11.1,Alsó tagozat,7.0
2.11.1,Felső tagozat,34.0
2.11.2,Alsó tagozat,17.0
2.11.2,Felső tagozat,0.0
2.11.2,Óvoda,13.0
2.11.3,Alsó tagozat,20.0
2.11.3,Felső tagozat,40.0
2.11.3,Óvoda,0.0
2.11.4,Alsó tagozat,0.0
2.11.4,Felső tagozat,0.0
2.11.5,Alsó tagozat,0.0
2.11.5,Felső tagozat,0.0
2.11.6,Alsó tagozat,4.0
2.11.6,Felső tagozat,0.0
2.11.6,Óvoda,0.0
2.12.0,Alsó tagozat,110.0
2.12.0,Felső tagozat,127.0
2.12.1,Óvoda,104.0
2.12.2,Óvoda,36.0
2.12.3,Alsó tagozat,54.0
2.12.3,Felső tagozat,52.0
2.13.0,Alsó tagozat,34.0
2.13.0,Felső tagozat,0.0
2.13.0,Óvoda,14.0
2.13.1,Alsó tagozat,36.0
2.13.1,Felső tagozat,0.0
2.13.1,Óvoda,15.0
2.13.2,Óvoda,32.0
2.13.3,Óvoda,16.0
2.13.4,Alsó tagozat,34.0
2.13.4,Felső tagozat,0.0
2.13.4,Óvoda,22.0
2.13.5,Óvoda,16.0
2.13.6,Alsó tagozat,49.0
2.13.6,Felső tagozat,0.0
2.13.7,Alsó tagozat,141.0
2.13.7,Felső tagozat,335.0
2.13.7,Óvoda,33.0
2.13.8,Alsó tagozat,44.0
2.13.8,Felső tagozat,0.0
2.13.9,Alsó tagozat,21.0
2.13.9,Felső tagozat,0.0
2.13.10,Alsó tagozat,32.0
2.13.10,Felső tagozat,0.0
2.13.10,Óvoda,16.0
2.13.11,Alsó tagozat,0.0
2.13.11,Felső tagozat,0.0
2.13.11,Óvoda,14.0
2.13.12,Alsó tagozat,146.0
2.13.12,Felső tagozat,299.0
2.13.12,Óvoda,22.0
2.13.13,Óvoda,17.0
2.13.14,Alsó tagozat,76.0
2.13.14,Felső tagozat,84.0
2.13.14,Óvoda,21.0
2.13.15,Alsó tagozat,27.0
2.13.15,Felső tagozat,0.0
2.13.15,Óvoda,22.0
2.13.16,Alsó tagozat,27.0
2.13.16,Felső tagozat,0.0
2.13.16,Óvoda,14.0
2.13.17,Alsó tagozat,69.0
2.13.17,Felső tagozat,178.0
2.13.18,Alsó tagozat,23.0
2.13.18,Felső tagozat,0.0
2.13.19,Alsó tagozat,27.0
2.13.19,Felső tagozat,0.0
2.13.20,Alsó tagozat,28.0
2.13.20,Felső tagozat,0.0
2.13.20,Óvoda,13.0
2.13.21,Óvoda,13.0
2.13.22,Alsó tagozat,60.0
2.13.22,Felső tagozat,0.0
2.13.22,Óvoda,19.0
2.13.23,Alsó tagozat,35.0
2.13.23,Felső tagozat,0.0
2.13.23,Óvoda,19.0
2.13.24,Alsó tagozat,19.0
2.13.24,Felső tagozat,0.0
2.13.24,Óvoda,20.0
2.13.25,Óvoda,19.0
2.13.26,Alsó tagozat,6.0
2.13.26,Felső tagozat,0.0
2.13.27,Alsó tagozat,96.0
2.13.27,Felső tagozat,0.0
2.13.27,Óvoda,22.0
2.13.28,Alsó tagozat,22.0
2.13.28,Felső tagozat,0.0
2.13.29,Alsó tagozat,33.0
2.13.29,Felső tagozat,0.0
2.13.29,Óvoda,12.0
2.13.30,Alsó tagozat,340.0
2.13.30,Felső tagozat,338.0
2.13.30,Óvoda,100.0
2.13.31,Alsó tagozat,243.0
2.13.31,Felső tagozat,260.0
2.13.31,Óvoda,80.0
2.13.32,Óvoda,9.0
2.13.33,Alsó tagozat,53.0
2.13.33,Felső tagozat,0.0
2.13.33,Óvoda,21.0
2.13.34,Alsó tagozat,21.0
2.13.34,Felső tagozat,0.0
2.13.34,Óvoda,28.0
2.13.35,Alsó tagozat,40.0
2.13.35,Felső tagozat,0.0
2.13.35,Óvoda,20.0
2.13.36,Alsó tagozat,93.0
2.13.36,Felső tagozat,0.0
2.13.37,Alsó tagozat,27.0
2.13.37,Felső tagozat,0.0
2.13.37,Óvoda,13.0
2.13.38,Alsó tagozat,50.0
2.13.38,Felső tagozat,0.0
2.13.38,Óvoda,17.0
2.13.39,Óvoda,19.0
2.13.40,Alsó tagozat,46.0
2.13.40,Felső tagozat,0.0
2.13.41,Alsó tagozat,79.0
2.13.41,Felső tagozat,131.0
2.13.41,Óvoda,18.0
2.13.42,Alsó tagozat,20.0
2.13.42,Felső tagozat,0.0
2.13.42,Óvoda,7.0
2.14.0,Óvoda,23.0
2.14.1,Alsó tagozat,18.0
2.14.1,Felső tagozat,0.0
2.14.1,Óvoda,12.0
2.14.2,Óvoda,18.0
2.14.3,Alsó tagozat,8.0
2.14.3,Felső tagozat,0.0
2.14.3,Óvoda,7.0
2.14.4,Alsó tagozat,79.0
2.14.4,Felső tagozat,77.0
2.14.5,Alsó tagozat,21.0
2.14.5,Felső tagozat,0.0
2.14.5,Óvoda,15.0
2.14.6,Alsó tagozat,6.0
2.14.6,Felső tagozat,0.0
2.14.7,Alsó tagozat,0.0
2.14.7,Felső tagozat,0.0
2.14.8,Óvoda,15.0
2.14.9,Alsó tagozat,4.0
2.14.9,Felső tagozat,0.0
2.14.9,Óvoda,5.0
2.14.10,Alsó tagozat,43.0
2.14.10,Felső tagozat,0.0
2.14.10,Óvoda,17.0
2.14.11,Alsó tagozat,0.0
2.14.11,Felső tagozat,0.0
2.14.11,Óvoda,11.0
2.14.12,Alsó tagozat,53.0
2.14.12,Felső tagozat,122.0
2.14.12,Óvoda,23.0
2.14.13,Óvoda,14.0
2.14.14,Alsó tagozat,208.0
2.14.14,Felső tagozat,230.0
2.14.14,Óvoda,54.0
2.14.15,Alsó tagozat,15.0
2.14.15,Felső tagozat,0.0
2.14.15,Óvoda,11.0
2.14.16,Alsó tagozat,21.0
2.14.16,Felső tagozat,31.0
2.14.16,Óvoda,24.0
2.14.17,Alsó tagozat,17.0
2.14.17,Felső tagozat,0.0
2.14.17,Óvoda,19.0
2.14.18,Alsó tagozat,12.0
2.14.18,Felső tagozat,0.0
2.14.18,Óvoda,19.0
2.15.0,Óvoda,33.0
2.15.1,Alsó tagozat,64.0
2.15.1,Felső tagozat,57.0
2.15.1,Óvoda,34.0
2.15.2,Alsó tagozat,6.0
2.15.2,Felső tagozat,0.0
2.15.2,Óvoda,53.0
2.15.3,Óvoda,21.0
2.15.4,Alsó tagozat,7.0
2.15.4,Felső tagozat,0.0
2.15.5,Alsó tagozat,103.0
2.15.5,Felső tagozat,129.0
2.15.5,Óvoda,80.0
2.15.6,Óvoda,22.0
2.15.7,Alsó tagozat,11.0
2.15.7,Felső tagozat,0.0
2.15.7,Óvoda,47.0
2.15.8,Alsó tagozat,0.0
2.15.8,Felső tagozat,0.0
2.16.0,Alsó tagozat,16.0
2.16.0,Felső tagozat,0.0
2.16.0,Óvoda,13.0
2.16.1,Alsó tagozat,54.0
2.16.1,Felső tagozat,0.0
2.16.1,Óvoda,16.0
2.16.2,Alsó tagozat,17.0
2.16.2,Felső tagozat,0.0
2.16.2,Óvoda,20.0
2.16.3,Óvoda,9.0
2.16.4,Alsó tagozat,62.0
2.16.4,Felső tagozat,84.0
2.16.4,Óvoda,21.0
2.16.5,Alsó tagozat,72.0
2.16.5,Felső tagozat,79.0
2.16.5,Óvoda,19.0
2.16.6,Óvoda,7.0
2.16.7,Alsó tagozat,55.0
2.16.7,Felső tagozat,129.0
2.16.7,Óvoda,15.0
2.16.8,Óvoda,10.0
2.16.9,Alsó tagozat,141.0
2.16.9,Felső tagozat,201.0
2.16.9,Óvoda,87.0
2.16.10,Alsó tagozat,26.0
2.16.10,Felső tagozat,0.0
2.16.10,Óvoda,25.0
2.16.11,Óvoda,22.0
2.16.12,Óvoda,30.0
2.16.13,Alsó tagozat,8.0
2.16.13,Felső tagozat,0.0
2.16.13,Óvoda,6.0
2.16.14,Alsó tagozat,12.0
2.16.14,Felső tagozat,0.0
2.16.14,Óvoda,10.0
2.16.15,Alsó tagozat,26.0
2.16.15,Felső tagozat,39.0
2.16.15,Óvoda,19.0
2.16.16,Alsó tagozat,8.0
2.16.16,Felső tagozat,0.0
2.16.16,Óvoda,9.0
2.16.17,Alsó tagozat,74.0
2.16.17,Felső tagozat,75.0
2.16.17,Óvoda,33.0
2.16.18,Alsó tagozat,19.0
2.16.18,Felső tagozat,0.0
2.16.18,Óvoda,16.0
2.16.19,Óvoda,11.0
2.16.20,Óvoda,7.0
2.16.21,Alsó tagozat,21.0
2.16.21,Felső tagozat,24.0
2.16.21,Óvoda,14.0
2.16.22,Alsó tagozat,43.0
2.16.22,Felső tagozat,47.0
2.16.23,Óvoda,17.0
2.16.24,Óvoda,3.0
2.16.25,Alsó tagozat,17.0
2.16.25,Felső tagozat,0.0
2.16.25,Óvoda,17.0
2.16.26,Alsó tagozat,0.0
2.16.26,Felső tagozat,0.0
2.16.26,Óvoda,7.0
2.16.27,Óvoda,14.0
2.17.0,Alsó tagozat,37.0
2.17.0,Felső tagozat,46.0
2.17.0,Óvoda,32.0
2.17.1,Alsó tagozat,61.0
2.17.1,Felső tagozat,73.0
2.17.1,Óvoda,21.0
2.17.2,Alsó tagozat,48.0
2.17.2,Felső tagozat,70.0
2.17.2,Óvoda,63.0
2.17.3,Alsó tagozat,37.0
2.17.3,Felső tagozat,73.0
2.17.3,Óvoda,21.0
2.17.4,Alsó tagozat,69.0
2.17.4,Felső tagozat,86.0
2.17.4,Óvoda,40.0
2.17.5,Alsó tagozat,7.0
2.17.5,Felső tagozat,0.0
2.17.5,Óvoda,19.0
2.17.6,Alsó tagozat,83.0
2.17.6,Felső tagozat,95.0
2.17.6,Óvoda,19.0
2.17.7,Alsó tagozat,46.0
2.17.7,Felső tagozat,66.0
2.17.7,Óvoda,30.0
2.18.0,Óvoda,0.0
2.18.1,Óvoda,6.0
2.18.2,Alsó tagozat,0.0
2.18.2,Felső tagozat,0.0
2.18.2,Óvoda,7.0
2.18.3,Óvoda,12.0
2.18.4,Alsó tagozat,0.0
2.18.4,Felső tagozat,0.0
2.18.4,Óvoda,25.0
2.18.5,Óvoda,21.0
2.18.6,Alsó tagozat,0.0
2.18.6,Felső tagozat,0.0
2.18.6,Óvoda,17.0
2.18.7,Óvoda,16.0
2.18.8,Óvoda,18.0
2.18.9,Óvoda,6.0
2.18.10,Alsó tagozat,62.0
2.18.10,Felső tagozat,67.0
2.18.10,Óvoda,35.0
2.18.11,Óvoda,18.0
2.18.12,Óvoda,9.0
2.18.13,Óvoda,11.0
2.18.14,Alsó tagozat,10.0
2.18.14,Felső tagozat,0.0
2.18.14,Óvoda,16.0
2.18.15,Alsó tagozat,73.0
2.18.15,Felső tagozat,101.0
2.18.15,Óvoda,27.0
2.18.16,Alsó tagozat,50.0
2.18.16,Felső tagozat,89.0
2.18.16,Óvoda,26.0
2.18.17,Alsó tagozat,71.0
2.18.17,Felső tagozat,48.0
2.18.17,Óvoda,44.0
2.18.18,Óvoda,17.0
2.18.19,Óvoda,0.0
2.18.20,Óvoda,13.0
2.18.21,Alsó tagozat,71.0
2.18.21,Felső tagozat,88.0
2.18.21,Óvoda,30.0
2.18.22,Alsó tagozat,12.0
2.18.22,Felső tagozat,12.0
2.18.23,Óvoda,23.0
2.18.24,Alsó tagozat,25.0
2.18.24,Felső tagozat,0.0
2.18.24,Óvoda,18.0
2.18.25,Alsó tagozat,0.0
2.18.25,Felső tagozat,0.0
2.18.25,Óvoda,5.0
2.18.26,Alsó tagozat,257.0
2.18.26,Felső tagozat,407.0
2.18.26,Óvoda,140.0
2.18.27,Alsó tagozat,44.0
2.18.27,Felső tagozat,57.0
2.18.27,Óvoda,22.0
2.18.28,Alsó tagozat,56.0
2.18.28,Felső tagozat,84.0
2.18.28,Óvoda,27.0
2.18.29,Alsó tagozat,64.0
2.18.29,Felső tagozat,83.0
2.18.29,Óvoda,64.0
2.18.30,Alsó tagozat,109.0
2.18.30,Felső tagozat,115.0
2.18.30,Óvoda,41.0
2.18.31,Alsó tagozat,11.0
2.18.31,Felső tagozat,0.0
2.18.31,Óvoda,17.0
2.18.32,Alsó tagozat,166.0
2.18.32,Felső tagozat,225.0
2.18.32,Óvoda,114.0
3.1.0,Alsó tagozat,20.0
3.1.0,Felső tagozat,0.0
3.1.0,Óvoda,0.0
3.1.1,Alsó tagozat,74.0
3.1.1,Felső tagozat,62.0
3.1.1,Óvoda,0.0
3.1.2,Alsó tagozat,60.0
3.1.2,Felső tagozat,42.0
3.1.2,Óvoda,0.0
3.1.3,Alsó tagozat,77.0
3.1.3,Felső tagozat,59.0
3.1.3,Óvoda,0.0
3.1.4,Alsó tagozat,43.0
3.1.4,Felső tagozat,51.0
3.1.4,Óvoda,0.0
3.1.5,Alsó tagozat,870.0
3.1.5,Felső tagozat,1121.0
3.1.5,Óvoda,0.0
3.1.6,Alsó tagozat,108.0
3.1.6,Felső tagozat,80.0
3.1.6,Óvoda,0.0
3.1.7,Alsó tagozat,48.0
3.1.7,Felső tagozat,43.0
3.1.7,Óvoda,0.0
3.1.8,Alsó tagozat,104.0
3.1.8,Felső tagozat,83.0
3.1.8,Óvoda,0.0
3.1.9,Alsó tagozat,57.0
3.1.9,Felső tagozat,76.0
3.1.9,Óvoda,0.0
3.1.10,Alsó tagozat,42.0
3.1.10,Felső tagozat,35.0
3.1.10,Óvoda,0.0
3.1.11,Alsó tagozat,33.0
3.1.11,Felső tagozat,44.0
3.1.11,Óvoda,0.0
3.1.12,Alsó tagozat,34.0
3.1.12,Felső tagozat,52.0
3.1.12,Óvoda,0.0
3.1.13,Alsó tagozat,133.0
3.1.13,Felső tagozat,132.0
3.1.13,Óvoda,0.0
3.1.14,Alsó tagozat,43.0
3.1.14,Felső tagozat,32.0
3.1.14,Óvoda,0.0
3.1.15,Alsó tagozat,26.0
3.1.15,Felső tagozat,22.0
3.1.16,Alsó tagozat,24.0
3.1.16,Felső tagozat,26.0
3.1.16,Óvoda,0.0
3.1.17,Alsó tagozat,67.0
3.1.17,Felső tagozat,71.0
3.1.17,Óvoda,0.0
3.1.18,Óvoda,0.0
3.1.19,Alsó tagozat,26.0
3.1.19,Felső tagozat,0.0
3.1.19,Óvoda,0.0
3.1.20,Óvoda,0.0
3.1.21,Alsó tagozat,98.0
3.1.21,Felső tagozat,102.0
3.1.21,Óvoda,0.0
3.1.22,Alsó tagozat,46.0
3.1.22,Felső tagozat,29.0
3.1.22,Óvoda,0.0
3.1.23,Alsó tagozat,91.0
3.1.23,Felső tagozat,95.0
3.1.23,Óvoda,0.0
3.1.24,Alsó tagozat,172.0
3.1.24,Felső tagozat,161.0
3.1.24,Óvoda,0.0
3.1.25,Óvoda,0.0
3.1.26,Alsó tagozat,148.0
3.1.26,Felső tagozat,193.0
3.1.26,Óvoda,0.0
3.1.27,Alsó tagozat,46.0
3.1.27,Felső tagozat,31.0
3.1.27,Óvoda,0.0
3.1.28,Alsó tagozat,50.0
3.1.28,Felső tagozat,58.0
3.1.28,Óvoda,0.0
3.1.29,Alsó tagozat,36.0
3.1.29,Felső tagozat,33.0
3.1.29,Óvoda,0.0
3.1.30,Alsó tagozat,31.0
3.1.30,Felső tagozat,38.0
3.1.30,Óvoda,0.0
3.1.31,Alsó tagozat,25.0
3.1.31,Felső tagozat,36.0
3.1.31,Óvoda,0.0
3.1.32,Alsó tagozat,75.0
3.1.32,Felső tagozat,73.0
3.1.32,Óvoda,0.0
3.2.0,Alsó tagozat,68.0
3.2.0,Felső tagozat,55.0
3.2.0,Óvoda,0.0
3.2.1,Alsó tagozat,167.0
3.2.1,Felső tagozat,192.0
3.2.1,Óvoda,0.0
3.3.0,Alsó tagozat,0.0
3.3.0,Felső tagozat,0.0
3.3.1,Alsó tagozat,172.0
3.3.1,Felső tagozat,145.0
3.3.1,Óvoda,0.0
3.3.2,Alsó tagozat,46.0
3.3.2,Felső tagozat,65.0
3.3.2,Óvoda,0.0
3.3.3,Alsó tagozat,132.0
3.3.3,Felső tagozat,165.0
3.3.3,Óvoda,0.0
3.3.4,Alsó tagozat,91.0
3.3.4,Felső tagozat,122.0
3.3.4,Óvoda,0.0
3.3.5,Alsó tagozat,48.0
3.3.5,Felső tagozat,82.0
3.3.5,Óvoda,0.0
3.3.6,Alsó tagozat,67.0
3.3.6,Felső tagozat,59.0
3.3.6,Óvoda,0.0
3.3.7,Alsó tagozat,632.0
3.3.7,Felső tagozat,791.0
3.3.7,Óvoda,0.0
3.3.8,Alsó tagozat,118.0
3.3.8,Felső tagozat,140.0
3.3.8,Óvoda,0.0
3.4.0,Alsó tagozat,28.0
3.4.0,Felső tagozat,0.0
3.4.0,Óvoda,0.0
3.4.1,Alsó tagozat,54.0
3.4.1,Felső tagozat,61.0
3.4.1,Óvoda,0.0
3.4.2,Alsó tagozat,51.0
3.4.2,Felső tagozat,0.0
3.4.2,Óvoda,0.0
3.4.3,Alsó tagozat,32.0
3.4.3,Felső tagozat,6.0
3.4.3,Óvoda,0.0
3.4.4,Óvoda,0.0
3.4.5,Óvoda,0.0
3.4.6,Alsó tagozat,30.0
3.4.6,Felső tagozat,21.0
3.4.7,Óvoda,0.0
3.4.8,Alsó tagozat,49.0
3.4.8,Felső tagozat,59.0
3.4.8,Óvoda,0.0
3.4.9,Alsó tagozat,40.0
3.4.9,Felső tagozat,38.0
3.4.9,Óvoda,0.0
3.4.10,Alsó tagozat,53.0
3.4.10,Felső tagozat,72.0
3.4.10,Óvoda,0.0
3.4.11,Alsó tagozat,0.0
3.4.11,Felső tagozat,75.0
3.4.12,Óvoda,0.0
3.4.13,Alsó tagozat,89.0
3.4.13,Felső tagozat,67.0
3.4.13,Óvoda,0.0
3.4.14,Alsó tagozat,172.0
3.4.14,Felső tagozat,119.0
3.4.14,Óvoda,0.0
3.4.15,Alsó tagozat,53.0
3.4.15,Felső tagozat,88.0
3.4.15,Óvoda,0.0
3.4.16,Alsó tagozat,79.0
3.4.16,Felső tagozat,162.0
3.4.17,Alsó tagozat,129.0
3.4.17,Felső tagozat,92.0
3.4.17,Óvoda,0.0
3.4.18,Óvoda,0.0
3.4.19,Óvoda,0.0
3.4.20,Alsó tagozat,139.0
3.4.20,Felső tagozat,155.0
3.4.20,Óvoda,0.0
3.4.21,Alsó tagozat,54.0
3.4.21,Felső tagozat,40.0
3.4.21,Óvoda,0.0
3.4.22,Alsó tagozat,29.0
3.4.22,Felső tagozat,15.0
3.4.22,Óvoda,0.0
3.4.23,Alsó tagozat,84.0
3.4.23,Felső tagozat,87.0
3.4.23,Óvoda,0.0
3.4.24,Alsó tagozat,74.0
3.4.24,Felső tagozat,84.0
3.4.25,Alsó tagozat,0.0
3.4.25,Felső tagozat,0.0
3.5.0,Alsó tagozat,0.0
3.5.0,Felső tagozat,0.0
3.5.0,Óvoda,0.0
3.5.1,Alsó tagozat,63.0
3.5.1,Felső tagozat,15.0
3.5.1,Óvoda,0.0
3.5.2,Óvoda,0.0
3.5.3,Alsó tagozat,25.0
3.5.3,Felső tagozat,19.0
3.5.3,Óvoda,0.0
3.6.0,Alsó tagozat,63.0
3.6.0,Felső tagozat,0.0
3.6.0,Óvoda,0.0
3.7.0,Alsó tagozat,73.0
3.7.0,Felső tagozat,63.0
3.7.0,Óvoda,0.0
3.7.1,Óvoda,0.0
3.7.2,Alsó tagozat,243.0
3.7.2,Felső tagozat,158.0
3.7.2,Óvoda,0.0
3.8.0,Alsó tagozat,177.0
3.8.0,Felső tagozat,169.0
3.8.0,Óvoda,0.0
3.8.1,Alsó tagozat,10.0
3.8.1,Felső tagozat,0.0
3.8.1,Óvoda,0.0
3.8.2,Alsó tagozat,79.0
3.8.2,Felső tagozat,94.0
3.8.2,Óvoda,0.0
3.8.3,Alsó tagozat,31.0
3.8.3,Felső tagozat,0.0
3.8.3,Óvoda,0.0
3.8.4,Óvoda,0.0
3.8.5,Óvoda,0.0
3.8.6,Alsó tagozat,85.0
3.8.6,Felső tagozat,72.0
3.8.7,Alsó tagozat,89.0
3.8.7,Felső tagozat,98.0
3.8.7,Óvoda,0.0
3.8.8,Alsó tagozat,38.0
3.8.8,Felső tagozat,63.0
3.8.9,Alsó tagozat,88.0
3.8.9,Felső tagozat,61.0
3.8.9,Óvoda,0.0
3.8.10,Alsó tagozat,310.0
3.8.10,Felső tagozat,421.0
3.8.10,Óvoda,0.0
3.8.11,Alsó tagozat,49.0
3.8.11,Felső tagozat,52.0
3.8.11,Óvoda,0.0
3.8.12,Alsó tagozat,0.0
3.8.12,Felső tagozat,0.0
3.8.13,Alsó tagozat,37.0
3.8.13,Felső tagozat,38.0
3.8.13,Óvoda,0.0
3.8.14,Alsó tagozat,69.0
3.8.14,Felső tagozat,50.0
3.8.14,Óvoda,0.0
3.8.15,Alsó tagozat,40.0
3.8.15,Felső tagozat,68.0
3.8.15,Óvoda,0.0
3.8.16,Alsó tagozat,37.0
3.8.16,Felső tagozat,36.0
3.8.16,Óvoda,0.0
3.8.17,Alsó tagozat,69.0
3.8.17,Felső tagozat,85.0
3.8.18,Alsó tagozat,48.0
3.8.18,Felső tagozat,35.0
3.8.18,Óvoda,0.0
3.8.19,Alsó tagozat,88.0
3.8.19,Felső tagozat,87.0
3.8.20,Alsó tagozat,38.0
3.8.20,Felső tagozat,36.0
3.8.20,Óvoda,0.0
3.8.21,Óvoda,0.0
3.8.22,Alsó tagozat,420.0
3.8.22,Felső tagozat,347.0
3.8.22,Óvoda,0.0
4.1.0,Alsó tagozat,50.0
4.1.0,Felső tagozat,63.0
4.1.1,Alsó tagozat,7.0
4.1.1,Felső tagozat,0.0
4.1.2,Alsó tagozat,6.0
4.1.2,Felső tagozat,0.0
4.1.3,Alsó tagozat,0.0
4.1.3,Felső tagozat,4.0
4.1.4,Alsó tagozat,191.0
4.1.4,Felső tagozat,178.0
4.1.5,Alsó tagozat,86.0
4.1.5,Felső tagozat,101.0
4.1.5,Óvoda,21.0
4.1.6,Alsó tagozat,201.0
4.1.6,Felső tagozat,218.0
4.1.6,Óvoda,42.0
4.1.7,Alsó tagozat,14.0
4.1.7,Felső tagozat,25.0
4.1.8,Óvoda,4.0
4.1.9,Alsó tagozat,279.0
4.1.9,Felső tagozat,348.0
4.1.9,Óvoda,524.0
4.1.10,Alsó tagozat,117.0
4.1.10,Felső tagozat,92.0
4.1.10,Óvoda,52.0
4.2.0,Óvoda,16.0
4.2.1,Alsó tagozat,6.0
4.2.1,Felső tagozat,6.0
4.2.2,Óvoda,0.0
4.2.3,Óvoda,0.0
4.2.4,Alsó tagozat,33.0
4.2.4,Felső tagozat,37.0
4.2.5,Alsó tagozat,3.0
4.2.5,Felső tagozat,0.0
4.2.6,Óvoda,0.0
4.2.7,Alsó tagozat,11.0
4.2.7,Felső tagozat,6.0
4.3.0,Alsó tagozat,14.0
4.3.0,Felső tagozat,0.0
4.3.1,Óvoda,17.0
4.3.2,Alsó tagozat,6.0
4.3.2,Felső tagozat,0.0
4.3.3,Alsó tagozat,3.0
4.3.3,Felső tagozat,0.0
4.3.3,Óvoda,7.0
4.3.4,Alsó tagozat,33.0
4.3.4,Felső tagozat,51.0
4.3.4,Óvoda,16.0
4.3.5,Alsó tagozat,117.0
4.3.5,Felső tagozat,167.0
4.3.5,Óvoda,26.0
4.3.6,Alsó tagozat,7.0
4.3.6,Felső tagozat,0.0
4.3.7,Alsó tagozat,24.0
4.3.7,Felső tagozat,27.0
4.3.8,Alsó tagozat,41.0
4.3.8,Felső tagozat,29.0
4.3.9,Alsó tagozat,0.0
4.3.9,Felső tagozat,0.0
4.3.10,Alsó tagozat,41.0
4.3.10,Felső tagozat,55.0
4.3.11,Óvoda,1.0
4.3.12,Alsó tagozat,11.0
4.3.12,Felső tagozat,0.0
4.3.13,Alsó tagozat,58.0
4.3.13,Felső tagozat,60.0
4.3.13,Óvoda,18.0
4.3.14,Alsó tagozat,0.0
4.3.14,Felső tagozat,0.0
4.4.0,Óvoda,6.0
4.4.1,Alsó tagozat,39.0
4.4.1,Felső tagozat,44.0
4.4.2,Alsó tagozat,28.0
4.4.2,Felső tagozat,30.0
4.4.3,Alsó tagozat,30.0
4.4.3,Felső tagozat,42.0
4.4.4,Alsó tagozat,10.0
4.4.4,Felső tagozat,11.0
4.4.5,Alsó tagozat,18.0
4.4.5,Felső tagozat,11.0
4.4.6,Óvoda,5.0
4.4.7,Alsó tagozat,40.0
4.4.7,Felső tagozat,35.0
4.4.7,Óvoda,8.0
4.4.8,Alsó tagozat,34.0
4.4.8,Felső tagozat,27.0
4.4.9,Alsó tagozat,3.0
4.4.9,Felső tagozat,0.0
4.4.10,Alsó tagozat,0.0
4.4.10,Felső tagozat,0.0
4.4.11,Alsó tagozat,10.0
4.4.11,Felső tagozat,13.0
4.4.11,Óvoda,10.0
4.5.0,Alsó tagozat,5.0
4.5.0,Felső tagozat,0.0
4.6.0,Alsó tagozat,30.0
4.6.0,Felső tagozat,40.0
4.6.1,Alsó tagozat,46.0
4.6.1,Felső tagozat,53.0
4.6.2,Alsó tagozat,69.0
4.6.2,Felső tagozat,68.0
4.6.3,Alsó tagozat,124.0
4.6.3,Felső tagozat,147.0
4.6.4,Alsó tagozat,206.0
4.6.4,Felső tagozat,193.0
4.6.4,Óvoda,62.0
4.6.5,Alsó tagozat,55.0
4.6.5,Felső tagozat,62.0
4.6.6,Alsó tagozat,42.0
4.6.6,Felső tagozat,66.0
4.6.7,Alsó tagozat,30.0
4.6.7,Felső tagozat,0.0
4.6.8,Alsó tagozat,49.0
4.6.8,Felső tagozat,50.0
4.6.9,Alsó tagozat,133.0
4.6.9,Felső tagozat,161.0
4.6.9,Óvoda,54.0
4.6.10,Alsó tagozat,19.0
4.6.10,Felső tagozat,0.0
4.6.11,Alsó tagozat,8.0
4.6.11,Felső tagozat,0.0
4.6.12,Alsó tagozat,41.0
4.6.12,Felső tagozat,32.0
4.6.13,Alsó tagozat,87.0
4.6.13,Felső tagozat,141.0
4.6.14,Alsó tagozat,635.0
4.6.14,Felső tagozat,706.0
4.6.14,Óvoda,212.0
4.6.15,Alsó tagozat,221.0
4.6.15,Felső tagozat,246.0
4.6.15,Óvoda,157.0
4.6.16,Alsó tagozat,37.0
4.6.16,Felső tagozat,54.0
4.7.0,Alsó tagozat,190.0
4.7.0,Felső tagozat,225.0
4.7.0,Óvoda,88.0
4.7.1,Alsó tagozat,42.0
4.7.1,Felső tagozat,0.0
4.7.2,Alsó tagozat,13.0
4.7.2,Felső tagozat,0.0
4.7.3,Alsó tagozat,44.0
4.7.3,Felső tagozat,49.0
4.7.3,Óvoda,24.0
4.7.4,Alsó tagozat,0.0
4.7.4,Felső tagozat,0.0
4.7.5,Alsó tagozat,7.0
4.7.5,Felső tagozat,0.0
4.7.6,Alsó tagozat,51.0
4.7.6,Felső tagozat,45.0
4.7.7,Alsó tagozat,170.0
4.7.7,Felső tagozat,162.0
4.7.8,Alsó tagozat,20.0
4.7.8,Felső tagozat,4.0
4.7.9,Alsó tagozat,15.0
4.7.9,Felső tagozat,0.0
4.7.10,Alsó tagozat,10.0
4.7.10,Felső tagozat,13.0
4.7.11,Alsó tagozat,48.0
4.7.11,Felső tagozat,51.0
4.7.12,Alsó tagozat,252.0
4.7.12,Felső tagozat,318.0
4.7.12,Óvoda,171.0
4.7.13,Alsó tagozat,5.0
4.7.13,Felső tagozat,0.0
4.7.14,Alsó tagozat,51.0
4.7.14,Felső tagozat,57.0
4.7.15,Alsó tagozat,90.0
4.7.15,Felső tagozat,100.0
4.7.16,Alsó tagozat,23.0
4.7.16,Felső tagozat,34.0
4.7.16,Óvoda,19.0
4.7.17,Alsó tagozat,41.0
4.7.17,Felső tagozat,56.0
4.7.18,Alsó tagozat,52.0
4.7.18,Felső tagozat,62.0
4.7.19,Alsó tagozat,8.0
4.7.19,Felső tagozat,10.0
4.7.20,Alsó tagozat,31.0
4.7.20,Felső tagozat,41.0
4.7.21,Alsó tagozat,31.0
4.7.21,Felső tagozat,35.0
4.7.22,Alsó tagozat,22.0
4.7.22,Felső tagozat,41.0
4.7.23,Alsó tagozat,63.0
4.7.23,Felső tagozat,108.0
4.7.24,Alsó tagozat,54.0
4.7.24,Felső tagozat,65.0
4.7.25,Alsó tagozat,14.0
4.7.25,Felső tagozat,23.0
4.7.26,Alsó tagozat,21.0
4.7.26,Felső tagozat,47.0
4.7.27,Alsó tagozat,57.0
4.7.27,Felső tagozat,49.0
4.7.27,Óvoda,9.0
4.7.28,Alsó tagozat,0.0
4.7.28,Felső tagozat,0.0
4.7.29,Alsó tagozat,0.0
4.7.29,Felső tagozat,0.0
4.7.30,Alsó tagozat,11.0
4.7.30,Felső tagozat,0.0
4.7.31,Alsó tagozat,446.0
4.7.31,Felső tagozat,457.0
4.7.31,Óvoda,138.0
